Country,Event month,Event Type,Fatalities
Afghanistan,2023-12-01,Battles,32
Afghanistan,2023-12-01,Explosions/Remote violence,0
Afghanistan,2023-12-01,Protests,0
Afghanistan,2023-12-01,Riots,2
Afghanistan,2023-12-01,Violence against civilians,23
Armenia,2023-12-01,Battles,1
Armenia,2023-12-01,Explosions/Remote violence,0
Armenia,2023-12-01,Protests,0
Armenia,2023-12-01,Riots,0
Armenia,2023-12-01,Violence against civilians,0
Bangladesh,2023-12-01,Battles,4
Bangladesh,2023-12-01,Explosions/Remote violence,0
Bangladesh,2023-12-01,Protests,0
Bangladesh,2023-12-01,Riots,8
Bangladesh,2023-12-01,Violence against civilians,17
Belize,2023-12-01,Battles,1
Belize,2023-12-01,Explosions/Remote violence,0
Belize,2023-12-01,Protests,0
Belize,2023-12-01,Riots,0
Belize,2023-12-01,Violence against civilians,5
Benin,2023-12-01,Battles,6
Benin,2023-12-01,Explosions/Remote violence,6
Benin,2023-12-01,Protests,0
Benin,2023-12-01,Riots,5
Benin,2023-12-01,Violence against civilians,4
Brazil,2023-12-01,Battles,322
Brazil,2023-12-01,Explosions/Remote violence,0
Brazil,2023-12-01,Protests,0
Brazil,2023-12-01,Riots,5
Brazil,2023-12-01,Violence against civilians,316
Burkina Faso,2023-12-01,Battles,397
Burkina Faso,2023-12-01,Explosions/Remote violence,349
Burkina Faso,2023-12-01,Protests,0
Burkina Faso,2023-12-01,Riots,0
Burkina Faso,2023-12-01,Violence against civilians,103
Burundi,2023-12-01,Battles,40
Burundi,2023-12-01,Explosions/Remote violence,0
Burundi,2023-12-01,Protests,0
Burundi,2023-12-01,Riots,2
Burundi,2023-12-01,Violence against civilians,7
Cameroon,2023-12-01,Battles,121
Cameroon,2023-12-01,Explosions/Remote violence,11
Cameroon,2023-12-01,Protests,0
Cameroon,2023-12-01,Riots,20
Cameroon,2023-12-01,Violence against civilians,101
Central African Republic,2023-12-01,Battles,55
Central African Republic,2023-12-01,Explosions/Remote violence,4
Central African Republic,2023-12-01,Protests,0
Central African Republic,2023-12-01,Riots,0
Central African Republic,2023-12-01,Violence against civilians,15
Chile,2023-12-01,Battles,0
Chile,2023-12-01,Explosions/Remote violence,0
Chile,2023-12-01,Protests,0
Chile,2023-12-01,Riots,0
Chile,2023-12-01,Violence against civilians,0
Colombia,2023-12-01,Battles,24
Colombia,2023-12-01,Explosions/Remote violence,1
Colombia,2023-12-01,Protests,0
Colombia,2023-12-01,Riots,1
Colombia,2023-12-01,Violence against civilians,155
Democratic Republic of Congo,2023-12-01,Battles,67
Democratic Republic of Congo,2023-12-01,Explosions/Remote violence,5
Democratic Republic of Congo,2023-12-01,Protests,0
Democratic Republic of Congo,2023-12-01,Riots,16
Democratic Republic of Congo,2023-12-01,Violence against civilians,161
Dominican Republic,2023-12-01,Battles,1
Dominican Republic,2023-12-01,Explosions/Remote violence,0
Dominican Republic,2023-12-01,Protests,0
Dominican Republic,2023-12-01,Riots,0
Dominican Republic,2023-12-01,Violence against civilians,0
Ecuador,2023-12-01,Battles,0
Ecuador,2023-12-01,Explosions/Remote violence,0
Ecuador,2023-12-01,Protests,0
Ecuador,2023-12-01,Riots,5
Ecuador,2023-12-01,Violence against civilians,3
El Salvador,2023-12-01,Battles,0
El Salvador,2023-12-01,Explosions/Remote violence,0
El Salvador,2023-12-01,Protests,0
El Salvador,2023-12-01,Riots,0
El Salvador,2023-12-01,Violence against civilians,1
Ethiopia,2023-12-01,Battles,199
Ethiopia,2023-12-01,Explosions/Remote violence,77
Ethiopia,2023-12-01,Protests,0
Ethiopia,2023-12-01,Riots,0
Ethiopia,2023-12-01,Violence against civilians,120
French Guiana,2023-12-01,Battles,0
French Guiana,2023-12-01,Explosions/Remote violence,0
French Guiana,2023-12-01,Protests,0
French Guiana,2023-12-01,Riots,0
French Guiana,2023-12-01,Violence against civilians,0
Guatemala,2023-12-01,Battles,1
Guatemala,2023-12-01,Explosions/Remote violence,0
Guatemala,2023-12-01,Protests,0
Guatemala,2023-12-01,Riots,0
Guatemala,2023-12-01,Violence against civilians,22
Haiti,2023-12-01,Battles,51
Haiti,2023-12-01,Explosions/Remote violence,0
Haiti,2023-12-01,Protests,0
Haiti,2023-12-01,Riots,0
Haiti,2023-12-01,Violence against civilians,42
India,2023-12-01,Battles,43
India,2023-12-01,Explosions/Remote violence,2
India,2023-12-01,Protests,0
India,2023-12-01,Riots,13
India,2023-12-01,Violence against civilians,31
Indonesia,2023-12-01,Battles,2
Indonesia,2023-12-01,Explosions/Remote violence,0
Indonesia,2023-12-01,Protests,0
Indonesia,2023-12-01,Riots,3
Indonesia,2023-12-01,Violence against civilians,1
Iran,2023-12-01,Battles,20
Iran,2023-12-01,Explosions/Remote violence,1
Iran,2023-12-01,Protests,0
Iran,2023-12-01,Riots,0
Iran,2023-12-01,Violence against civilians,5
Iraq,2023-12-01,Battles,40
Iraq,2023-12-01,Explosions/Remote violence,40
Iraq,2023-12-01,Protests,0
Iraq,2023-12-01,Riots,0
Iraq,2023-12-01,Violence against civilians,12
Israel,2023-12-01,Battles,3
Israel,2023-12-01,Explosions/Remote violence,1
Israel,2023-12-01,Protests,0
Israel,2023-12-01,Riots,0
Israel,2023-12-01,Violence against civilians,0
Jamaica,2023-12-01,Battles,8
Jamaica,2023-12-01,Explosions/Remote violence,0
Jamaica,2023-12-01,Protests,0
Jamaica,2023-12-01,Riots,0
Jamaica,2023-12-01,Violence against civilians,21
Jordan,2023-12-01,Battles,5
Jordan,2023-12-01,Explosions/Remote violence,0
Jordan,2023-12-01,Protests,0
Jordan,2023-12-01,Riots,0
Jordan,2023-12-01,Violence against civilians,0
Kenya,2023-12-01,Battles,18
Kenya,2023-12-01,Explosions/Remote violence,4
Kenya,2023-12-01,Protests,0
Kenya,2023-12-01,Riots,21
Kenya,2023-12-01,Violence against civilians,16
Lebanon,2023-12-01,Battles,0
Lebanon,2023-12-01,Explosions/Remote violence,54
Lebanon,2023-12-01,Protests,0
Lebanon,2023-12-01,Riots,0
Lebanon,2023-12-01,Violence against civilians,1
Libya,2023-12-01,Battles,1
Libya,2023-12-01,Explosions/Remote violence,0
Libya,2023-12-01,Protests,0
Libya,2023-12-01,Riots,0
Libya,2023-12-01,Violence against civilians,1
Madagascar,2023-12-01,Battles,41
Madagascar,2023-12-01,Explosions/Remote violence,0
Madagascar,2023-12-01,Protests,0
Madagascar,2023-12-01,Riots,3
Madagascar,2023-12-01,Violence against civilians,3
Mali,2023-12-01,Battles,168
Mali,2023-12-01,Explosions/Remote violence,95
Mali,2023-12-01,Protests,0
Mali,2023-12-01,Riots,0
Mali,2023-12-01,Violence against civilians,187
Mexico,2023-12-01,Battles,118
Mexico,2023-12-01,Explosions/Remote violence,1
Mexico,2023-12-01,Protests,0
Mexico,2023-12-01,Riots,20
Mexico,2023-12-01,Violence against civilians,388
Mozambique,2023-12-01,Battles,18
Mozambique,2023-12-01,Explosions/Remote violence,0
Mozambique,2023-12-01,Protests,1
Mozambique,2023-12-01,Riots,4
Mozambique,2023-12-01,Violence against civilians,3
Myanmar,2023-12-01,Battles,1080
Myanmar,2023-12-01,Explosions/Remote violence,356
Myanmar,2023-12-01,Protests,0
Myanmar,2023-12-01,Riots,0
Myanmar,2023-12-01,Violence against civilians,148
Niger,2023-12-01,Battles,14
Niger,2023-12-01,Explosions/Remote violence,193
Niger,2023-12-01,Protests,0
Niger,2023-12-01,Riots,0
Niger,2023-12-01,Violence against civilians,30
Nigeria,2023-12-01,Battles,349
Nigeria,2023-12-01,Explosions/Remote violence,197
Nigeria,2023-12-01,Protests,2
Nigeria,2023-12-01,Riots,8
Nigeria,2023-12-01,Violence against civilians,285
Pakistan,2023-12-01,Battles,120
Pakistan,2023-12-01,Explosions/Remote violence,11
Pakistan,2023-12-01,Protests,0
Pakistan,2023-12-01,Riots,4
Pakistan,2023-12-01,Violence against civilians,47
Palestine,2023-12-01,Battles,947
Palestine,2023-12-01,Explosions/Remote violence,5983
Palestine,2023-12-01,Protests,0
Palestine,2023-12-01,Riots,9
Palestine,2023-12-01,Violence against civilians,58
Papua New Guinea,2023-12-01,Battles,1
Papua New Guinea,2023-12-01,Explosions/Remote violence,0
Papua New Guinea,2023-12-01,Protests,0
Papua New Guinea,2023-12-01,Riots,60
Papua New Guinea,2023-12-01,Violence against civilians,0
Philippines,2023-12-01,Battles,76
Philippines,2023-12-01,Explosions/Remote violence,13
Philippines,2023-12-01,Protests,0
Philippines,2023-12-01,Riots,0
Philippines,2023-12-01,Violence against civilians,25
Puerto Rico,2023-12-01,Battles,1
Puerto Rico,2023-12-01,Explosions/Remote violence,0
Puerto Rico,2023-12-01,Protests,0
Puerto Rico,2023-12-01,Riots,0
Puerto Rico,2023-12-01,Violence against civilians,12
Senegal,2023-12-01,Battles,0
Senegal,2023-12-01,Explosions/Remote violence,4
Senegal,2023-12-01,Protests,0
Senegal,2023-12-01,Riots,0
Senegal,2023-12-01,Violence against civilians,0
Somalia,2023-12-01,Battles,458
Somalia,2023-12-01,Explosions/Remote violence,110
Somalia,2023-12-01,Protests,0
Somalia,2023-12-01,Riots,0
Somalia,2023-12-01,Violence against civilians,20
South Sudan,2023-12-01,Battles,12
South Sudan,2023-12-01,Explosions/Remote violence,0
South Sudan,2023-12-01,Protests,0
South Sudan,2023-12-01,Riots,0
South Sudan,2023-12-01,Violence against civilians,12
Sri Lanka,2023-12-01,Battles,1
Sri Lanka,2023-12-01,Explosions/Remote violence,0
Sri Lanka,2023-12-01,Protests,0
Sri Lanka,2023-12-01,Riots,1
Sri Lanka,2023-12-01,Violence against civilians,0
Sudan,2023-12-01,Battles,271
Sudan,2023-12-01,Explosions/Remote violence,240
Sudan,2023-12-01,Protests,0
Sudan,2023-12-01,Riots,0
Sudan,2023-12-01,Violence against civilians,230
Syria,2023-12-01,Battles,211
Syria,2023-12-01,Explosions/Remote violence,254
Syria,2023-12-01,Protests,0
Syria,2023-12-01,Riots,0
Syria,2023-12-01,Violence against civilians,68
Thailand,2023-12-01,Battles,15
Thailand,2023-12-01,Explosions/Remote violence,0
Thailand,2023-12-01,Protests,0
Thailand,2023-12-01,Riots,0
Thailand,2023-12-01,Violence against civilians,0
Togo,2023-12-01,Battles,3
Togo,2023-12-01,Explosions/Remote violence,0
Togo,2023-12-01,Protests,0
Togo,2023-12-01,Riots,0
Togo,2023-12-01,Violence against civilians,0
Trinidad and Tobago,2023-12-01,Battles,9
Trinidad and Tobago,2023-12-01,Explosions/Remote violence,0
Trinidad and Tobago,2023-12-01,Protests,0
Trinidad and Tobago,2023-12-01,Riots,0
Trinidad and Tobago,2023-12-01,Violence against civilians,17
Tunisia,2023-12-01,Battles,3
Tunisia,2023-12-01,Explosions/Remote violence,0
Tunisia,2023-12-01,Protests,0
Tunisia,2023-12-01,Riots,0
Tunisia,2023-12-01,Violence against civilians,0
Turkey,2023-12-01,Battles,7
Turkey,2023-12-01,Explosions/Remote violence,0
Turkey,2023-12-01,Protests,0
Turkey,2023-12-01,Riots,0
Turkey,2023-12-01,Violence against civilians,0
Uganda,2023-12-01,Battles,7
Uganda,2023-12-01,Explosions/Remote violence,0
Uganda,2023-12-01,Protests,0
Uganda,2023-12-01,Riots,8
Uganda,2023-12-01,Violence against civilians,23
Ukraine,2023-12-01,Battles,2686
Ukraine,2023-12-01,Explosions/Remote violence,624
Ukraine,2023-12-01,Protests,0
Ukraine,2023-12-01,Riots,0
Ukraine,2023-12-01,Violence against civilians,4
Venezuela,2023-12-01,Battles,24
Venezuela,2023-12-01,Explosions/Remote violence,0
Venezuela,2023-12-01,Protests,0
Venezuela,2023-12-01,Riots,1
Venezuela,2023-12-01,Violence against civilians,26
Vietnam,2023-12-01,Battles,1
Vietnam,2023-12-01,Explosions/Remote violence,0
Vietnam,2023-12-01,Protests,0
Vietnam,2023-12-01,Riots,0
Vietnam,2023-12-01,Violence against civilians,0
Yemen,2023-12-01,Battles,56
Yemen,2023-12-01,Explosions/Remote violence,19
Yemen,2023-12-01,Protests,0
Yemen,2023-12-01,Riots,2
Yemen,2023-12-01,Violence against civilians,23
Azerbaijan,2023-12-01,Battles,0
Azerbaijan,2023-12-01,Explosions/Remote violence,0
Azerbaijan,2023-12-01,Protests,0
Azerbaijan,2023-12-01,Riots,0
Azerbaijan,2023-12-01,Violence against civilians,0
China,2023-12-01,Battles,0
China,2023-12-01,Explosions/Remote violence,0
China,2023-12-01,Protests,0
China,2023-12-01,Riots,0
China,2023-12-01,Violence against civilians,0
Cyprus,2023-12-01,Battles,0
Cyprus,2023-12-01,Explosions/Remote violence,0
Cyprus,2023-12-01,Protests,0
Cyprus,2023-12-01,Riots,0
Cyprus,2023-12-01,Violence against civilians,0
Greece,2023-12-01,Battles,0
Greece,2023-12-01,Explosions/Remote violence,0
Greece,2023-12-01,Protests,0
Greece,2023-12-01,Riots,0
Greece,2023-12-01,Violence against civilians,0
Morocco,2023-12-01,Battles,0
Morocco,2023-12-01,Explosions/Remote violence,8
Morocco,2023-12-01,Protests,0
Morocco,2023-12-01,Riots,0
Morocco,2023-12-01,Violence against civilians,0
Russia,2023-12-01,Battles,0
Russia,2023-12-01,Explosions/Remote violence,32
Russia,2023-12-01,Protests,0
Russia,2023-12-01,Riots,0
Russia,2023-12-01,Violence against civilians,1
Spain,2023-12-01,Battles,0
Spain,2023-12-01,Explosions/Remote violence,0
Spain,2023-12-01,Protests,0
Spain,2023-12-01,Riots,0
Spain,2023-12-01,Violence against civilians,0
Albania,2023-12-01,Battles,0
Albania,2023-12-01,Explosions/Remote violence,0
Albania,2023-12-01,Protests,0
Albania,2023-12-01,Riots,0
Albania,2023-12-01,Violence against civilians,0
Angola,2023-12-01,Battles,0
Angola,2023-12-01,Explosions/Remote violence,0
Angola,2023-12-01,Protests,0
Angola,2023-12-01,Riots,0
Angola,2023-12-01,Violence against civilians,0
Bahamas,2023-12-01,Battles,0
Bahamas,2023-12-01,Explosions/Remote violence,0
Bahamas,2023-12-01,Protests,0
Bahamas,2023-12-01,Riots,0
Bahamas,2023-12-01,Violence against civilians,0
Bolivia,2023-12-01,Battles,0
Bolivia,2023-12-01,Explosions/Remote violence,0
Bolivia,2023-12-01,Protests,0
Bolivia,2023-12-01,Riots,2
Bolivia,2023-12-01,Violence against civilians,3
Cuba,2023-12-01,Battles,0
Cuba,2023-12-01,Explosions/Remote violence,0
Cuba,2023-12-01,Protests,0
Cuba,2023-12-01,Riots,0
Cuba,2023-12-01,Violence against civilians,0
Czech Republic,2023-12-01,Battles,0
Czech Republic,2023-12-01,Explosions/Remote violence,0
Czech Republic,2023-12-01,Protests,0
Czech Republic,2023-12-01,Riots,0
Czech Republic,2023-12-01,Violence against civilians,0
Djibouti,2023-12-01,Battles,0
Djibouti,2023-12-01,Explosions/Remote violence,0
Djibouti,2023-12-01,Protests,0
Djibouti,2023-12-01,Riots,10
Djibouti,2023-12-01,Violence against civilians,0
France,2023-12-01,Battles,0
France,2023-12-01,Explosions/Remote violence,0
France,2023-12-01,Protests,0
France,2023-12-01,Riots,0
France,2023-12-01,Violence against civilians,1
Germany,2023-12-01,Battles,0
Germany,2023-12-01,Explosions/Remote violence,0
Germany,2023-12-01,Protests,0
Germany,2023-12-01,Riots,0
Germany,2023-12-01,Violence against civilians,0
Ghana,2023-12-01,Battles,0
Ghana,2023-12-01,Explosions/Remote violence,0
Ghana,2023-12-01,Protests,0
Ghana,2023-12-01,Riots,7
Ghana,2023-12-01,Violence against civilians,6
Guinea,2023-12-01,Battles,0
Guinea,2023-12-01,Explosions/Remote violence,0
Guinea,2023-12-01,Protests,0
Guinea,2023-12-01,Riots,0
Guinea,2023-12-01,Violence against civilians,1
Ivory Coast,2023-12-01,Battles,0
Ivory Coast,2023-12-01,Explosions/Remote violence,0
Ivory Coast,2023-12-01,Protests,0
Ivory Coast,2023-12-01,Riots,1
Ivory Coast,2023-12-01,Violence against civilians,0
Kazakhstan,2023-12-01,Battles,0
Kazakhstan,2023-12-01,Explosions/Remote violence,0
Kazakhstan,2023-12-01,Protests,0
Kazakhstan,2023-12-01,Riots,0
Kazakhstan,2023-12-01,Violence against civilians,1
Lesotho,2023-12-01,Battles,0
Lesotho,2023-12-01,Explosions/Remote violence,0
Lesotho,2023-12-01,Protests,0
Lesotho,2023-12-01,Riots,1
Lesotho,2023-12-01,Violence against civilians,2
Malawi,2023-12-01,Battles,0
Malawi,2023-12-01,Explosions/Remote violence,0
Malawi,2023-12-01,Protests,0
Malawi,2023-12-01,Riots,10
Malawi,2023-12-01,Violence against civilians,0
Mayotte,2023-12-01,Battles,0
Mayotte,2023-12-01,Explosions/Remote violence,0
Mayotte,2023-12-01,Protests,0
Mayotte,2023-12-01,Riots,0
Mayotte,2023-12-01,Violence against civilians,0
Nepal,2023-12-01,Battles,0
Nepal,2023-12-01,Explosions/Remote violence,0
Nepal,2023-12-01,Protests,0
Nepal,2023-12-01,Riots,0
Nepal,2023-12-01,Violence against civilians,1
Netherlands,2023-12-01,Battles,0
Netherlands,2023-12-01,Explosions/Remote violence,0
Netherlands,2023-12-01,Protests,0
Netherlands,2023-12-01,Riots,0
Netherlands,2023-12-01,Violence against civilians,0
Peru,2023-12-01,Battles,0
Peru,2023-12-01,Explosions/Remote violence,0
Peru,2023-12-01,Protests,0
Peru,2023-12-01,Riots,0
Peru,2023-12-01,Violence against civilians,9
Poland,2023-12-01,Battles,0
Poland,2023-12-01,Explosions/Remote violence,0
Poland,2023-12-01,Protests,0
Poland,2023-12-01,Riots,0
Poland,2023-12-01,Violence against civilians,1
Reunion,2023-12-01,Battles,0
Reunion,2023-12-01,Explosions/Remote violence,0
Reunion,2023-12-01,Protests,0
Reunion,2023-12-01,Riots,0
Reunion,2023-12-01,Violence against civilians,0
South Africa,2023-12-01,Battles,0
South Africa,2023-12-01,Explosions/Remote violence,0
South Africa,2023-12-01,Protests,0
South Africa,2023-12-01,Riots,14
South Africa,2023-12-01,Violence against civilians,19
Tanzania,2023-12-01,Battles,0
Tanzania,2023-12-01,Explosions/Remote violence,0
Tanzania,2023-12-01,Protests,0
Tanzania,2023-12-01,Riots,0
Tanzania,2023-12-01,Violence against civilians,0
United Kingdom,2023-12-01,Battles,0
United Kingdom,2023-12-01,Explosions/Remote violence,0
United Kingdom,2023-12-01,Protests,0
United Kingdom,2023-12-01,Riots,0
United Kingdom,2023-12-01,Violence against civilians,0
United States,2023-12-01,Battles,0
United States,2023-12-01,Explosions/Remote violence,0
United States,2023-12-01,Protests,0
United States,2023-12-01,Riots,0
United States,2023-12-01,Violence against civilians,3
Uruguay,2023-12-01,Battles,0
Uruguay,2023-12-01,Explosions/Remote violence,0
Uruguay,2023-12-01,Protests,0
Uruguay,2023-12-01,Riots,0
Uruguay,2023-12-01,Violence against civilians,0
Zambia,2023-12-01,Battles,0
Zambia,2023-12-01,Explosions/Remote violence,0
Zambia,2023-12-01,Protests,0
Zambia,2023-12-01,Riots,0
Zambia,2023-12-01,Violence against civilians,0
Zimbabwe,2023-12-01,Battles,0
Zimbabwe,2023-12-01,Explosions/Remote violence,0
Zimbabwe,2023-12-01,Protests,0
Zimbabwe,2023-12-01,Riots,2
Zimbabwe,2023-12-01,Violence against civilians,2
Bosnia and Herzegovina,2023-12-01,Battles,0
Bosnia and Herzegovina,2023-12-01,Explosions/Remote violence,0
Bosnia and Herzegovina,2023-12-01,Protests,0
Bosnia and Herzegovina,2023-12-01,Riots,0
Bosnia and Herzegovina,2023-12-01,Violence against civilians,0
Chad,2023-12-01,Battles,0
Chad,2023-12-01,Explosions/Remote violence,0
Chad,2023-12-01,Protests,0
Chad,2023-12-01,Riots,0
Chad,2023-12-01,Violence against civilians,1
Egypt,2023-12-01,Battles,0
Egypt,2023-12-01,Explosions/Remote violence,0
Egypt,2023-12-01,Protests,0
Egypt,2023-12-01,Riots,0
Egypt,2023-12-01,Violence against civilians,0
Gabon,2023-12-01,Battles,0
Gabon,2023-12-01,Explosions/Remote violence,0
Gabon,2023-12-01,Protests,0
Gabon,2023-12-01,Riots,0
Gabon,2023-12-01,Violence against civilians,1
Georgia,2023-12-01,Battles,0
Georgia,2023-12-01,Explosions/Remote violence,0
Georgia,2023-12-01,Protests,0
Georgia,2023-12-01,Riots,0
Georgia,2023-12-01,Violence against civilians,1
Guyana,2023-12-01,Battles,0
Guyana,2023-12-01,Explosions/Remote violence,0
Guyana,2023-12-01,Protests,0
Guyana,2023-12-01,Riots,0
Guyana,2023-12-01,Violence against civilians,0
Honduras,2023-12-01,Battles,0
Honduras,2023-12-01,Explosions/Remote violence,0
Honduras,2023-12-01,Protests,0
Honduras,2023-12-01,Riots,0
Honduras,2023-12-01,Violence against civilians,28
Kyrgyzstan,2023-12-01,Battles,0
Kyrgyzstan,2023-12-01,Explosions/Remote violence,0
Kyrgyzstan,2023-12-01,Protests,0
Kyrgyzstan,2023-12-01,Riots,0
Kyrgyzstan,2023-12-01,Violence against civilians,1
Serbia,2023-12-01,Battles,0
Serbia,2023-12-01,Explosions/Remote violence,0
Serbia,2023-12-01,Protests,0
Serbia,2023-12-01,Riots,0
Serbia,2023-12-01,Violence against civilians,0
Sierra Leone,2023-12-01,Battles,0
Sierra Leone,2023-12-01,Explosions/Remote violence,0
Sierra Leone,2023-12-01,Protests,0
Sierra Leone,2023-12-01,Riots,0
Sierra Leone,2023-12-01,Violence against civilians,1
Turkmenistan,2023-12-01,Battles,0
Turkmenistan,2023-12-01,Explosions/Remote violence,0
Turkmenistan,2023-12-01,Protests,0
Turkmenistan,2023-12-01,Riots,0
Turkmenistan,2023-12-01,Violence against civilians,1
Uzbekistan,2023-12-01,Battles,0
Uzbekistan,2023-12-01,Explosions/Remote violence,0
Uzbekistan,2023-12-01,Protests,0
Uzbekistan,2023-12-01,Riots,0
Uzbekistan,2023-12-01,Violence against civilians,1
Cape Verde,2023-12-01,Battles,0
Cape Verde,2023-12-01,Explosions/Remote violence,0
Cape Verde,2023-12-01,Protests,0
Cape Verde,2023-12-01,Riots,0
Cape Verde,2023-12-01,Violence against civilians,0
Nicaragua,2023-12-01,Battles,0
Nicaragua,2023-12-01,Explosions/Remote violence,0
Nicaragua,2023-12-01,Protests,0
Nicaragua,2023-12-01,Riots,0
Nicaragua,2023-12-01,Violence against civilians,0
Rwanda,2023-12-01,Battles,0
Rwanda,2023-12-01,Explosions/Remote violence,0
Rwanda,2023-12-01,Protests,0
Rwanda,2023-12-01,Riots,0
Rwanda,2023-12-01,Violence against civilians,0
Kosovo,2023-12-01,Battles,0
Kosovo,2023-12-01,Explosions/Remote violence,0
Kosovo,2023-12-01,Protests,0
Kosovo,2023-12-01,Riots,0
Kosovo,2023-12-01,Violence against civilians,0
Mauritania,2023-12-01,Battles,0
Mauritania,2023-12-01,Explosions/Remote violence,0
Mauritania,2023-12-01,Protests,0
Mauritania,2023-12-01,Riots,0
Mauritania,2023-12-01,Violence against civilians,0
Namibia,2023-12-01,Battles,0
Namibia,2023-12-01,Explosions/Remote violence,0
Namibia,2023-12-01,Protests,0
Namibia,2023-12-01,Riots,0
Namibia,2023-12-01,Violence against civilians,0
Australia,2023-12-01,Battles,0
Australia,2023-12-01,Explosions/Remote violence,0
Australia,2023-12-01,Protests,0
Australia,2023-12-01,Riots,0
Australia,2023-12-01,Violence against civilians,0
Comoros,2023-12-01,Battles,0
Comoros,2023-12-01,Explosions/Remote violence,0
Comoros,2023-12-01,Protests,0
Comoros,2023-12-01,Riots,0
Comoros,2023-12-01,Violence against civilians,0
Italy,2023-12-01,Battles,0
Italy,2023-12-01,Explosions/Remote violence,0
Italy,2023-12-01,Protests,0
Italy,2023-12-01,Riots,0
Italy,2023-12-01,Violence against civilians,0
Liberia,2023-12-01,Battles,0
Liberia,2023-12-01,Explosions/Remote violence,0
Liberia,2023-12-01,Protests,0
Liberia,2023-12-01,Riots,0
Liberia,2023-12-01,Violence against civilians,0
Maldives,2023-12-01,Battles,0
Maldives,2023-12-01,Explosions/Remote violence,0
Maldives,2023-12-01,Protests,0
Maldives,2023-12-01,Riots,0
Maldives,2023-12-01,Violence against civilians,0
Mauritius,2023-12-01,Battles,0
Mauritius,2023-12-01,Explosions/Remote violence,0
Mauritius,2023-12-01,Protests,0
Mauritius,2023-12-01,Riots,0
Mauritius,2023-12-01,Violence against civilians,0
eSwatini,2023-12-01,Battles,0
eSwatini,2023-12-01,Explosions/Remote violence,0
eSwatini,2023-12-01,Protests,0
eSwatini,2023-12-01,Riots,0
eSwatini,2023-12-01,Violence against civilians,0
Bahrain,2023-12-01,Battles,0
Bahrain,2023-12-01,Explosions/Remote violence,0
Bahrain,2023-12-01,Protests,0
Bahrain,2023-12-01,Riots,0
Bahrain,2023-12-01,Violence against civilians,0
Belarus,2023-12-01,Battles,0
Belarus,2023-12-01,Explosions/Remote violence,0
Belarus,2023-12-01,Protests,0
Belarus,2023-12-01,Riots,0
Belarus,2023-12-01,Violence against civilians,0
Canada,2023-12-01,Battles,0
Canada,2023-12-01,Explosions/Remote violence,0
Canada,2023-12-01,Protests,0
Canada,2023-12-01,Riots,0
Canada,2023-12-01,Violence against civilians,0
Costa Rica,2023-12-01,Battles,0
Costa Rica,2023-12-01,Explosions/Remote violence,0
Costa Rica,2023-12-01,Protests,0
Costa Rica,2023-12-01,Riots,0
Costa Rica,2023-12-01,Violence against civilians,0
Malaysia,2023-12-01,Battles,0
Malaysia,2023-12-01,Explosions/Remote violence,0
Malaysia,2023-12-01,Protests,0
Malaysia,2023-12-01,Riots,0
Malaysia,2023-12-01,Violence against civilians,0
Portugal,2023-12-01,Battles,0
Portugal,2023-12-01,Explosions/Remote violence,0
Portugal,2023-12-01,Protests,0
Portugal,2023-12-01,Riots,0
Portugal,2023-12-01,Violence against civilians,0
Saint Vincent and the Grenadines,2023-12-01,Battles,0
Saint Vincent and the Grenadines,2023-12-01,Explosions/Remote violence,0
Saint Vincent and the Grenadines,2023-12-01,Protests,0
Saint Vincent and the Grenadines,2023-12-01,Riots,0
Saint Vincent and the Grenadines,2023-12-01,Violence against civilians,0
Saudi Arabia,2023-12-01,Battles,0
Saudi Arabia,2023-12-01,Explosions/Remote violence,0
Saudi Arabia,2023-12-01,Protests,0
Saudi Arabia,2023-12-01,Riots,0
Saudi Arabia,2023-12-01,Violence against civilians,0
South Korea,2023-12-01,Battles,0
South Korea,2023-12-01,Explosions/Remote violence,0
South Korea,2023-12-01,Protests,0
South Korea,2023-12-01,Riots,0
South Korea,2023-12-01,Violence against civilians,0
Suriname,2023-12-01,Battles,0
Suriname,2023-12-01,Explosions/Remote violence,0
Suriname,2023-12-01,Protests,0
Suriname,2023-12-01,Riots,0
Suriname,2023-12-01,Violence against civilians,0
Afghanistan,2024-01-01,Battles,25
Afghanistan,2024-01-01,Explosions/Remote violence,28
Afghanistan,2024-01-01,Protests,0
Afghanistan,2024-01-01,Riots,2
Afghanistan,2024-01-01,Violence against civilians,27
Armenia,2024-01-01,Battles,0
Armenia,2024-01-01,Explosions/Remote violence,0
Armenia,2024-01-01,Protests,0
Armenia,2024-01-01,Riots,0
Armenia,2024-01-01,Violence against civilians,0
Bangladesh,2024-01-01,Battles,3
Bangladesh,2024-01-01,Explosions/Remote violence,0
Bangladesh,2024-01-01,Protests,0
Bangladesh,2024-01-01,Riots,16
Bangladesh,2024-01-01,Violence against civilians,16
Belize,2024-01-01,Battles,1
Belize,2024-01-01,Explosions/Remote violence,0
Belize,2024-01-01,Protests,0
Belize,2024-01-01,Riots,0
Belize,2024-01-01,Violence against civilians,0
Benin,2024-01-01,Battles,31
Benin,2024-01-01,Explosions/Remote violence,0
Benin,2024-01-01,Protests,0
Benin,2024-01-01,Riots,0
Benin,2024-01-01,Violence against civilians,9
Brazil,2024-01-01,Battles,299
Brazil,2024-01-01,Explosions/Remote violence,0
Brazil,2024-01-01,Protests,0
Brazil,2024-01-01,Riots,2
Brazil,2024-01-01,Violence against civilians,346
Burkina Faso,2024-01-01,Battles,249
Burkina Faso,2024-01-01,Explosions/Remote violence,96
Burkina Faso,2024-01-01,Protests,0
Burkina Faso,2024-01-01,Riots,0
Burkina Faso,2024-01-01,Violence against civilians,102
Burundi,2024-01-01,Battles,3
Burundi,2024-01-01,Explosions/Remote violence,0
Burundi,2024-01-01,Protests,0
Burundi,2024-01-01,Riots,1
Burundi,2024-01-01,Violence against civilians,13
Cameroon,2024-01-01,Battles,70
Cameroon,2024-01-01,Explosions/Remote violence,0
Cameroon,2024-01-01,Protests,2
Cameroon,2024-01-01,Riots,3
Cameroon,2024-01-01,Violence against civilians,70
Central African Republic,2024-01-01,Battles,30
Central African Republic,2024-01-01,Explosions/Remote violence,6
Central African Republic,2024-01-01,Protests,0
Central African Republic,2024-01-01,Riots,0
Central African Republic,2024-01-01,Violence against civilians,4
Chile,2024-01-01,Battles,0
Chile,2024-01-01,Explosions/Remote violence,0
Chile,2024-01-01,Protests,0
Chile,2024-01-01,Riots,1
Chile,2024-01-01,Violence against civilians,0
Colombia,2024-01-01,Battles,28
Colombia,2024-01-01,Explosions/Remote violence,4
Colombia,2024-01-01,Protests,0
Colombia,2024-01-01,Riots,6
Colombia,2024-01-01,Violence against civilians,141
Democratic Republic of Congo,2024-01-01,Battles,165
Democratic Republic of Congo,2024-01-01,Explosions/Remote violence,82
Democratic Republic of Congo,2024-01-01,Protests,5
Democratic Republic of Congo,2024-01-01,Riots,9
Democratic Republic of Congo,2024-01-01,Violence against civilians,196
Dominican Republic,2024-01-01,Battles,0
Dominican Republic,2024-01-01,Explosions/Remote violence,0
Dominican Republic,2024-01-01,Protests,0
Dominican Republic,2024-01-01,Riots,0
Dominican Republic,2024-01-01,Violence against civilians,2
Ecuador,2024-01-01,Battles,0
Ecuador,2024-01-01,Explosions/Remote violence,0
Ecuador,2024-01-01,Protests,0
Ecuador,2024-01-01,Riots,1
Ecuador,2024-01-01,Violence against civilians,2
El Salvador,2024-01-01,Battles,0
El Salvador,2024-01-01,Explosions/Remote violence,0
El Salvador,2024-01-01,Protests,0
El Salvador,2024-01-01,Riots,0
El Salvador,2024-01-01,Violence against civilians,1
Ethiopia,2024-01-01,Battles,301
Ethiopia,2024-01-01,Explosions/Remote violence,32
Ethiopia,2024-01-01,Protests,0
Ethiopia,2024-01-01,Riots,0
Ethiopia,2024-01-01,Violence against civilians,128
French Guiana,2024-01-01,Battles,0
French Guiana,2024-01-01,Explosions/Remote violence,0
French Guiana,2024-01-01,Protests,0
French Guiana,2024-01-01,Riots,0
French Guiana,2024-01-01,Violence against civilians,0
Guatemala,2024-01-01,Battles,1
Guatemala,2024-01-01,Explosions/Remote violence,0
Guatemala,2024-01-01,Protests,0
Guatemala,2024-01-01,Riots,1
Guatemala,2024-01-01,Violence against civilians,18
Haiti,2024-01-01,Battles,163
Haiti,2024-01-01,Explosions/Remote violence,0
Haiti,2024-01-01,Protests,4
Haiti,2024-01-01,Riots,4
Haiti,2024-01-01,Violence against civilians,72
India,2024-01-01,Battles,24
India,2024-01-01,Explosions/Remote violence,2
India,2024-01-01,Protests,0
India,2024-01-01,Riots,22
India,2024-01-01,Violence against civilians,48
Indonesia,2024-01-01,Battles,9
Indonesia,2024-01-01,Explosions/Remote violence,0
Indonesia,2024-01-01,Protests,0
Indonesia,2024-01-01,Riots,3
Indonesia,2024-01-01,Violence against civilians,6
Iran,2024-01-01,Battles,12
Iran,2024-01-01,Explosions/Remote violence,107
Iran,2024-01-01,Protests,0
Iran,2024-01-01,Riots,0
Iran,2024-01-01,Violence against civilians,16
Iraq,2024-01-01,Battles,58
Iraq,2024-01-01,Explosions/Remote violence,44
Iraq,2024-01-01,Protests,0
Iraq,2024-01-01,Riots,0
Iraq,2024-01-01,Violence against civilians,23
Israel,2024-01-01,Battles,1
Israel,2024-01-01,Explosions/Remote violence,2
Israel,2024-01-01,Protests,0
Israel,2024-01-01,Riots,0
Israel,2024-01-01,Violence against civilians,1
Jamaica,2024-01-01,Battles,6
Jamaica,2024-01-01,Explosions/Remote violence,0
Jamaica,2024-01-01,Protests,0
Jamaica,2024-01-01,Riots,0
Jamaica,2024-01-01,Violence against civilians,21
Jordan,2024-01-01,Battles,0
Jordan,2024-01-01,Explosions/Remote violence,3
Jordan,2024-01-01,Protests,0
Jordan,2024-01-01,Riots,0
Jordan,2024-01-01,Violence against civilians,0
Kenya,2024-01-01,Battles,7
Kenya,2024-01-01,Explosions/Remote violence,10
Kenya,2024-01-01,Protests,0
Kenya,2024-01-01,Riots,12
Kenya,2024-01-01,Violence against civilians,25
Lebanon,2024-01-01,Battles,1
Lebanon,2024-01-01,Explosions/Remote violence,65
Lebanon,2024-01-01,Protests,0
Lebanon,2024-01-01,Riots,0
Lebanon,2024-01-01,Violence against civilians,0
Libya,2024-01-01,Battles,3
Libya,2024-01-01,Explosions/Remote violence,0
Libya,2024-01-01,Protests,0
Libya,2024-01-01,Riots,0
Libya,2024-01-01,Violence against civilians,2
Madagascar,2024-01-01,Battles,46
Madagascar,2024-01-01,Explosions/Remote violence,2
Madagascar,2024-01-01,Protests,0
Madagascar,2024-01-01,Riots,6
Madagascar,2024-01-01,Violence against civilians,7
Mali,2024-01-01,Battles,105
Mali,2024-01-01,Explosions/Remote violence,36
Mali,2024-01-01,Protests,0
Mali,2024-01-01,Riots,0
Mali,2024-01-01,Violence against civilians,180
Mexico,2024-01-01,Battles,141
Mexico,2024-01-01,Explosions/Remote violence,2
Mexico,2024-01-01,Protests,0
Mexico,2024-01-01,Riots,1
Mexico,2024-01-01,Violence against civilians,453
Mozambique,2024-01-01,Battles,11
Mozambique,2024-01-01,Explosions/Remote violence,0
Mozambique,2024-01-01,Protests,0
Mozambique,2024-01-01,Riots,0
Mozambique,2024-01-01,Violence against civilians,64
Myanmar,2024-01-01,Battles,1222
Myanmar,2024-01-01,Explosions/Remote violence,352
Myanmar,2024-01-01,Protests,0
Myanmar,2024-01-01,Riots,0
Myanmar,2024-01-01,Violence against civilians,253
Niger,2024-01-01,Battles,148
Niger,2024-01-01,Explosions/Remote violence,118
Niger,2024-01-01,Protests,0
Niger,2024-01-01,Riots,1
Niger,2024-01-01,Violence against civilians,16
Nigeria,2024-01-01,Battles,290
Nigeria,2024-01-01,Explosions/Remote violence,206
Nigeria,2024-01-01,Protests,0
Nigeria,2024-01-01,Riots,12
Nigeria,2024-01-01,Violence against civilians,259
Pakistan,2024-01-01,Battles,139
Pakistan,2024-01-01,Explosions/Remote violence,33
Pakistan,2024-01-01,Protests,0
Pakistan,2024-01-01,Riots,3
Pakistan,2024-01-01,Violence against civilians,53
Palestine,2024-01-01,Battles,684
Palestine,2024-01-01,Explosions/Remote violence,4290
Palestine,2024-01-01,Protests,0
Palestine,2024-01-01,Riots,13
Palestine,2024-01-01,Violence against civilians,86
Papua New Guinea,2024-01-01,Battles,0
Papua New Guinea,2024-01-01,Explosions/Remote violence,0
Papua New Guinea,2024-01-01,Protests,0
Papua New Guinea,2024-01-01,Riots,32
Papua New Guinea,2024-01-01,Violence against civilians,2
Philippines,2024-01-01,Battles,24
Philippines,2024-01-01,Explosions/Remote violence,0
Philippines,2024-01-01,Protests,0
Philippines,2024-01-01,Riots,0
Philippines,2024-01-01,Violence against civilians,35
Puerto Rico,2024-01-01,Battles,8
Puerto Rico,2024-01-01,Explosions/Remote violence,0
Puerto Rico,2024-01-01,Protests,0
Puerto Rico,2024-01-01,Riots,0
Puerto Rico,2024-01-01,Violence against civilians,18
Senegal,2024-01-01,Battles,0
Senegal,2024-01-01,Explosions/Remote violence,0
Senegal,2024-01-01,Protests,0
Senegal,2024-01-01,Riots,0
Senegal,2024-01-01,Violence against civilians,1
Somalia,2024-01-01,Battles,253
Somalia,2024-01-01,Explosions/Remote violence,138
Somalia,2024-01-01,Protests,0
Somalia,2024-01-01,Riots,0
Somalia,2024-01-01,Violence against civilians,45
South Sudan,2024-01-01,Battles,59
South Sudan,2024-01-01,Explosions/Remote violence,0
South Sudan,2024-01-01,Protests,0
South Sudan,2024-01-01,Riots,0
South Sudan,2024-01-01,Violence against civilians,72
Sri Lanka,2024-01-01,Battles,0
Sri Lanka,2024-01-01,Explosions/Remote violence,0
Sri Lanka,2024-01-01,Protests,0
Sri Lanka,2024-01-01,Riots,1
Sri Lanka,2024-01-01,Violence against civilians,0
Sudan,2024-01-01,Battles,559
Sudan,2024-01-01,Explosions/Remote violence,250
Sudan,2024-01-01,Protests,0
Sudan,2024-01-01,Riots,0
Sudan,2024-01-01,Violence against civilians,83
Syria,2024-01-01,Battles,290
Syria,2024-01-01,Explosions/Remote violence,142
Syria,2024-01-01,Protests,0
Syria,2024-01-01,Riots,2
Syria,2024-01-01,Violence against civilians,57
Thailand,2024-01-01,Battles,2
Thailand,2024-01-01,Explosions/Remote violence,0
Thailand,2024-01-01,Protests,0
Thailand,2024-01-01,Riots,0
Thailand,2024-01-01,Violence against civilians,1
Togo,2024-01-01,Battles,0
Togo,2024-01-01,Explosions/Remote violence,1
Togo,2024-01-01,Protests,0
Togo,2024-01-01,Riots,0
Togo,2024-01-01,Violence against civilians,0
Trinidad and Tobago,2024-01-01,Battles,2
Trinidad and Tobago,2024-01-01,Explosions/Remote violence,0
Trinidad and Tobago,2024-01-01,Protests,0
Trinidad and Tobago,2024-01-01,Riots,0
Trinidad and Tobago,2024-01-01,Violence against civilians,21
Tunisia,2024-01-01,Battles,0
Tunisia,2024-01-01,Explosions/Remote violence,0
Tunisia,2024-01-01,Protests,0
Tunisia,2024-01-01,Riots,0
Tunisia,2024-01-01,Violence against civilians,0
Turkey,2024-01-01,Battles,1
Turkey,2024-01-01,Explosions/Remote violence,0
Turkey,2024-01-01,Protests,0
Turkey,2024-01-01,Riots,0
Turkey,2024-01-01,Violence against civilians,1
Uganda,2024-01-01,Battles,1
Uganda,2024-01-01,Explosions/Remote violence,0
Uganda,2024-01-01,Protests,0
Uganda,2024-01-01,Riots,12
Uganda,2024-01-01,Violence against civilians,4
Ukraine,2024-01-01,Battles,2888
Ukraine,2024-01-01,Explosions/Remote violence,669
Ukraine,2024-01-01,Protests,0
Ukraine,2024-01-01,Riots,0
Ukraine,2024-01-01,Violence against civilians,7
Venezuela,2024-01-01,Battles,40
Venezuela,2024-01-01,Explosions/Remote violence,0
Venezuela,2024-01-01,Protests,0
Venezuela,2024-01-01,Riots,1
Venezuela,2024-01-01,Violence against civilians,19
Vietnam,2024-01-01,Battles,0
Vietnam,2024-01-01,Explosions/Remote violence,0
Vietnam,2024-01-01,Protests,0
Vietnam,2024-01-01,Riots,0
Vietnam,2024-01-01,Violence against civilians,0
Yemen,2024-01-01,Battles,104
Yemen,2024-01-01,Explosions/Remote violence,66
Yemen,2024-01-01,Protests,0
Yemen,2024-01-01,Riots,0
Yemen,2024-01-01,Violence against civilians,31
Azerbaijan,2024-01-01,Battles,0
Azerbaijan,2024-01-01,Explosions/Remote violence,0
Azerbaijan,2024-01-01,Protests,0
Azerbaijan,2024-01-01,Riots,0
Azerbaijan,2024-01-01,Violence against civilians,0
China,2024-01-01,Battles,0
China,2024-01-01,Explosions/Remote violence,0
China,2024-01-01,Protests,0
China,2024-01-01,Riots,0
China,2024-01-01,Violence against civilians,2
Cyprus,2024-01-01,Battles,0
Cyprus,2024-01-01,Explosions/Remote violence,0
Cyprus,2024-01-01,Protests,0
Cyprus,2024-01-01,Riots,0
Cyprus,2024-01-01,Violence against civilians,0
Greece,2024-01-01,Battles,0
Greece,2024-01-01,Explosions/Remote violence,0
Greece,2024-01-01,Protests,0
Greece,2024-01-01,Riots,0
Greece,2024-01-01,Violence against civilians,0
Morocco,2024-01-01,Battles,0
Morocco,2024-01-01,Explosions/Remote violence,7
Morocco,2024-01-01,Protests,0
Morocco,2024-01-01,Riots,0
Morocco,2024-01-01,Violence against civilians,0
Russia,2024-01-01,Battles,0
Russia,2024-01-01,Explosions/Remote violence,77
Russia,2024-01-01,Protests,0
Russia,2024-01-01,Riots,0
Russia,2024-01-01,Violence against civilians,1
Spain,2024-01-01,Battles,0
Spain,2024-01-01,Explosions/Remote violence,0
Spain,2024-01-01,Protests,0
Spain,2024-01-01,Riots,0
Spain,2024-01-01,Violence against civilians,0
Albania,2024-01-01,Battles,0
Albania,2024-01-01,Explosions/Remote violence,0
Albania,2024-01-01,Protests,0
Albania,2024-01-01,Riots,0
Albania,2024-01-01,Violence against civilians,0
Angola,2024-01-01,Battles,0
Angola,2024-01-01,Explosions/Remote violence,0
Angola,2024-01-01,Protests,0
Angola,2024-01-01,Riots,2
Angola,2024-01-01,Violence against civilians,1
Bahamas,2024-01-01,Battles,0
Bahamas,2024-01-01,Explosions/Remote violence,0
Bahamas,2024-01-01,Protests,0
Bahamas,2024-01-01,Riots,0
Bahamas,2024-01-01,Violence against civilians,0
Bolivia,2024-01-01,Battles,5
Bolivia,2024-01-01,Explosions/Remote violence,0
Bolivia,2024-01-01,Protests,0
Bolivia,2024-01-01,Riots,2
Bolivia,2024-01-01,Violence against civilians,0
Cuba,2024-01-01,Battles,0
Cuba,2024-01-01,Explosions/Remote violence,0
Cuba,2024-01-01,Protests,0
Cuba,2024-01-01,Riots,0
Cuba,2024-01-01,Violence against civilians,0
Czech Republic,2024-01-01,Battles,0
Czech Republic,2024-01-01,Explosions/Remote violence,0
Czech Republic,2024-01-01,Protests,0
Czech Republic,2024-01-01,Riots,0
Czech Republic,2024-01-01,Violence against civilians,0
Djibouti,2024-01-01,Battles,0
Djibouti,2024-01-01,Explosions/Remote violence,0
Djibouti,2024-01-01,Protests,0
Djibouti,2024-01-01,Riots,0
Djibouti,2024-01-01,Violence against civilians,0
France,2024-01-01,Battles,0
France,2024-01-01,Explosions/Remote violence,0
France,2024-01-01,Protests,2
France,2024-01-01,Riots,0
France,2024-01-01,Violence against civilians,0
Germany,2024-01-01,Battles,0
Germany,2024-01-01,Explosions/Remote violence,0
Germany,2024-01-01,Protests,0
Germany,2024-01-01,Riots,0
Germany,2024-01-01,Violence against civilians,0
Ghana,2024-01-01,Battles,0
Ghana,2024-01-01,Explosions/Remote violence,0
Ghana,2024-01-01,Protests,0
Ghana,2024-01-01,Riots,2
Ghana,2024-01-01,Violence against civilians,27
Guinea,2024-01-01,Battles,0
Guinea,2024-01-01,Explosions/Remote violence,0
Guinea,2024-01-01,Protests,0
Guinea,2024-01-01,Riots,0
Guinea,2024-01-01,Violence against civilians,5
Ivory Coast,2024-01-01,Battles,1
Ivory Coast,2024-01-01,Explosions/Remote violence,0
Ivory Coast,2024-01-01,Protests,0
Ivory Coast,2024-01-01,Riots,1
Ivory Coast,2024-01-01,Violence against civilians,0
Kazakhstan,2024-01-01,Battles,0
Kazakhstan,2024-01-01,Explosions/Remote violence,0
Kazakhstan,2024-01-01,Protests,0
Kazakhstan,2024-01-01,Riots,0
Kazakhstan,2024-01-01,Violence against civilians,0
Lesotho,2024-01-01,Battles,0
Lesotho,2024-01-01,Explosions/Remote violence,0
Lesotho,2024-01-01,Protests,0
Lesotho,2024-01-01,Riots,0
Lesotho,2024-01-01,Violence against civilians,0
Malawi,2024-01-01,Battles,0
Malawi,2024-01-01,Explosions/Remote violence,0
Malawi,2024-01-01,Protests,0
Malawi,2024-01-01,Riots,5
Malawi,2024-01-01,Violence against civilians,0
Mayotte,2024-01-01,Battles,0
Mayotte,2024-01-01,Explosions/Remote violence,0
Mayotte,2024-01-01,Protests,0
Mayotte,2024-01-01,Riots,0
Mayotte,2024-01-01,Violence against civilians,0
Nepal,2024-01-01,Battles,0
Nepal,2024-01-01,Explosions/Remote violence,0
Nepal,2024-01-01,Protests,0
Nepal,2024-01-01,Riots,1
Nepal,2024-01-01,Violence against civilians,0
Netherlands,2024-01-01,Battles,0
Netherlands,2024-01-01,Explosions/Remote violence,0
Netherlands,2024-01-01,Protests,0
Netherlands,2024-01-01,Riots,0
Netherlands,2024-01-01,Violence against civilians,0
Peru,2024-01-01,Battles,0
Peru,2024-01-01,Explosions/Remote violence,0
Peru,2024-01-01,Protests,0
Peru,2024-01-01,Riots,1
Peru,2024-01-01,Violence against civilians,2
Poland,2024-01-01,Battles,0
Poland,2024-01-01,Explosions/Remote violence,0
Poland,2024-01-01,Protests,0
Poland,2024-01-01,Riots,0
Poland,2024-01-01,Violence against civilians,0
Reunion,2024-01-01,Battles,0
Reunion,2024-01-01,Explosions/Remote violence,0
Reunion,2024-01-01,Protests,0
Reunion,2024-01-01,Riots,0
Reunion,2024-01-01,Violence against civilians,0
South Africa,2024-01-01,Battles,0
South Africa,2024-01-01,Explosions/Remote violence,0
South Africa,2024-01-01,Protests,0
South Africa,2024-01-01,Riots,26
South Africa,2024-01-01,Violence against civilians,27
Tanzania,2024-01-01,Battles,0
Tanzania,2024-01-01,Explosions/Remote violence,0
Tanzania,2024-01-01,Protests,0
Tanzania,2024-01-01,Riots,0
Tanzania,2024-01-01,Violence against civilians,1
United Kingdom,2024-01-01,Battles,0
United Kingdom,2024-01-01,Explosions/Remote violence,0
United Kingdom,2024-01-01,Protests,0
United Kingdom,2024-01-01,Riots,0
United Kingdom,2024-01-01,Violence against civilians,0
United States,2024-01-01,Battles,0
United States,2024-01-01,Explosions/Remote violence,0
United States,2024-01-01,Protests,0
United States,2024-01-01,Riots,0
United States,2024-01-01,Violence against civilians,3
Uruguay,2024-01-01,Battles,0
Uruguay,2024-01-01,Explosions/Remote violence,0
Uruguay,2024-01-01,Protests,0
Uruguay,2024-01-01,Riots,0
Uruguay,2024-01-01,Violence against civilians,0
Zambia,2024-01-01,Battles,0
Zambia,2024-01-01,Explosions/Remote violence,0
Zambia,2024-01-01,Protests,0
Zambia,2024-01-01,Riots,2
Zambia,2024-01-01,Violence against civilians,0
Zimbabwe,2024-01-01,Battles,0
Zimbabwe,2024-01-01,Explosions/Remote violence,0
Zimbabwe,2024-01-01,Protests,0
Zimbabwe,2024-01-01,Riots,3
Zimbabwe,2024-01-01,Violence against civilians,0
Bosnia and Herzegovina,2024-01-01,Battles,0
Bosnia and Herzegovina,2024-01-01,Explosions/Remote violence,0
Bosnia and Herzegovina,2024-01-01,Protests,0
Bosnia and Herzegovina,2024-01-01,Riots,0
Bosnia and Herzegovina,2024-01-01,Violence against civilians,0
Chad,2024-01-01,Battles,6
Chad,2024-01-01,Explosions/Remote violence,0
Chad,2024-01-01,Protests,0
Chad,2024-01-01,Riots,0
Chad,2024-01-01,Violence against civilians,3
Egypt,2024-01-01,Battles,0
Egypt,2024-01-01,Explosions/Remote violence,0
Egypt,2024-01-01,Protests,0
Egypt,2024-01-01,Riots,0
Egypt,2024-01-01,Violence against civilians,0
Gabon,2024-01-01,Battles,0
Gabon,2024-01-01,Explosions/Remote violence,0
Gabon,2024-01-01,Protests,0
Gabon,2024-01-01,Riots,0
Gabon,2024-01-01,Violence against civilians,0
Georgia,2024-01-01,Battles,0
Georgia,2024-01-01,Explosions/Remote violence,0
Georgia,2024-01-01,Protests,0
Georgia,2024-01-01,Riots,0
Georgia,2024-01-01,Violence against civilians,0
Guyana,2024-01-01,Battles,0
Guyana,2024-01-01,Explosions/Remote violence,0
Guyana,2024-01-01,Protests,0
Guyana,2024-01-01,Riots,0
Guyana,2024-01-01,Violence against civilians,0
Honduras,2024-01-01,Battles,18
Honduras,2024-01-01,Explosions/Remote violence,0
Honduras,2024-01-01,Protests,0
Honduras,2024-01-01,Riots,0
Honduras,2024-01-01,Violence against civilians,33
Kyrgyzstan,2024-01-01,Battles,0
Kyrgyzstan,2024-01-01,Explosions/Remote violence,0
Kyrgyzstan,2024-01-01,Protests,0
Kyrgyzstan,2024-01-01,Riots,0
Kyrgyzstan,2024-01-01,Violence against civilians,0
Serbia,2024-01-01,Battles,0
Serbia,2024-01-01,Explosions/Remote violence,0
Serbia,2024-01-01,Protests,0
Serbia,2024-01-01,Riots,0
Serbia,2024-01-01,Violence against civilians,0
Sierra Leone,2024-01-01,Battles,0
Sierra Leone,2024-01-01,Explosions/Remote violence,0
Sierra Leone,2024-01-01,Protests,0
Sierra Leone,2024-01-01,Riots,0
Sierra Leone,2024-01-01,Violence against civilians,0
Turkmenistan,2024-01-01,Battles,0
Turkmenistan,2024-01-01,Explosions/Remote violence,0
Turkmenistan,2024-01-01,Protests,0
Turkmenistan,2024-01-01,Riots,0
Turkmenistan,2024-01-01,Violence against civilians,0
Uzbekistan,2024-01-01,Battles,0
Uzbekistan,2024-01-01,Explosions/Remote violence,0
Uzbekistan,2024-01-01,Protests,0
Uzbekistan,2024-01-01,Riots,0
Uzbekistan,2024-01-01,Violence against civilians,0
Cape Verde,2024-01-01,Battles,0
Cape Verde,2024-01-01,Explosions/Remote violence,0
Cape Verde,2024-01-01,Protests,0
Cape Verde,2024-01-01,Riots,0
Cape Verde,2024-01-01,Violence against civilians,0
Nicaragua,2024-01-01,Battles,1
Nicaragua,2024-01-01,Explosions/Remote violence,0
Nicaragua,2024-01-01,Protests,0
Nicaragua,2024-01-01,Riots,0
Nicaragua,2024-01-01,Violence against civilians,1
Rwanda,2024-01-01,Battles,1
Rwanda,2024-01-01,Explosions/Remote violence,0
Rwanda,2024-01-01,Protests,0
Rwanda,2024-01-01,Riots,0
Rwanda,2024-01-01,Violence against civilians,1
Kosovo,2024-01-01,Battles,0
Kosovo,2024-01-01,Explosions/Remote violence,0
Kosovo,2024-01-01,Protests,0
Kosovo,2024-01-01,Riots,0
Kosovo,2024-01-01,Violence against civilians,0
Mauritania,2024-01-01,Battles,0
Mauritania,2024-01-01,Explosions/Remote violence,0
Mauritania,2024-01-01,Protests,0
Mauritania,2024-01-01,Riots,0
Mauritania,2024-01-01,Violence against civilians,0
Namibia,2024-01-01,Battles,0
Namibia,2024-01-01,Explosions/Remote violence,1
Namibia,2024-01-01,Protests,0
Namibia,2024-01-01,Riots,0
Namibia,2024-01-01,Violence against civilians,1
Australia,2024-01-01,Battles,0
Australia,2024-01-01,Explosions/Remote violence,0
Australia,2024-01-01,Protests,0
Australia,2024-01-01,Riots,0
Australia,2024-01-01,Violence against civilians,0
Comoros,2024-01-01,Battles,0
Comoros,2024-01-01,Explosions/Remote violence,0
Comoros,2024-01-01,Protests,0
Comoros,2024-01-01,Riots,0
Comoros,2024-01-01,Violence against civilians,1
Italy,2024-01-01,Battles,0
Italy,2024-01-01,Explosions/Remote violence,0
Italy,2024-01-01,Protests,0
Italy,2024-01-01,Riots,0
Italy,2024-01-01,Violence against civilians,0
Liberia,2024-01-01,Battles,0
Liberia,2024-01-01,Explosions/Remote violence,0
Liberia,2024-01-01,Protests,0
Liberia,2024-01-01,Riots,0
Liberia,2024-01-01,Violence against civilians,0
Maldives,2024-01-01,Battles,0
Maldives,2024-01-01,Explosions/Remote violence,0
Maldives,2024-01-01,Protests,0
Maldives,2024-01-01,Riots,0
Maldives,2024-01-01,Violence against civilians,0
Mauritius,2024-01-01,Battles,0
Mauritius,2024-01-01,Explosions/Remote violence,0
Mauritius,2024-01-01,Protests,0
Mauritius,2024-01-01,Riots,1
Mauritius,2024-01-01,Violence against civilians,0
eSwatini,2024-01-01,Battles,0
eSwatini,2024-01-01,Explosions/Remote violence,0
eSwatini,2024-01-01,Protests,0
eSwatini,2024-01-01,Riots,1
eSwatini,2024-01-01,Violence against civilians,1
Bahrain,2024-01-01,Battles,0
Bahrain,2024-01-01,Explosions/Remote violence,0
Bahrain,2024-01-01,Protests,0
Bahrain,2024-01-01,Riots,0
Bahrain,2024-01-01,Violence against civilians,0
Belarus,2024-01-01,Battles,0
Belarus,2024-01-01,Explosions/Remote violence,0
Belarus,2024-01-01,Protests,0
Belarus,2024-01-01,Riots,0
Belarus,2024-01-01,Violence against civilians,0
Canada,2024-01-01,Battles,0
Canada,2024-01-01,Explosions/Remote violence,0
Canada,2024-01-01,Protests,0
Canada,2024-01-01,Riots,0
Canada,2024-01-01,Violence against civilians,0
Costa Rica,2024-01-01,Battles,0
Costa Rica,2024-01-01,Explosions/Remote violence,0
Costa Rica,2024-01-01,Protests,0
Costa Rica,2024-01-01,Riots,0
Costa Rica,2024-01-01,Violence against civilians,0
Malaysia,2024-01-01,Battles,0
Malaysia,2024-01-01,Explosions/Remote violence,0
Malaysia,2024-01-01,Protests,0
Malaysia,2024-01-01,Riots,0
Malaysia,2024-01-01,Violence against civilians,0
Portugal,2024-01-01,Battles,0
Portugal,2024-01-01,Explosions/Remote violence,0
Portugal,2024-01-01,Protests,0
Portugal,2024-01-01,Riots,0
Portugal,2024-01-01,Violence against civilians,0
Saint Vincent and the Grenadines,2024-01-01,Battles,0
Saint Vincent and the Grenadines,2024-01-01,Explosions/Remote violence,0
Saint Vincent and the Grenadines,2024-01-01,Protests,0
Saint Vincent and the Grenadines,2024-01-01,Riots,0
Saint Vincent and the Grenadines,2024-01-01,Violence against civilians,0
Saudi Arabia,2024-01-01,Battles,0
Saudi Arabia,2024-01-01,Explosions/Remote violence,0
Saudi Arabia,2024-01-01,Protests,0
Saudi Arabia,2024-01-01,Riots,0
Saudi Arabia,2024-01-01,Violence against civilians,5
South Korea,2024-01-01,Battles,0
South Korea,2024-01-01,Explosions/Remote violence,0
South Korea,2024-01-01,Protests,0
South Korea,2024-01-01,Riots,0
South Korea,2024-01-01,Violence against civilians,0
Suriname,2024-01-01,Battles,0
Suriname,2024-01-01,Explosions/Remote violence,0
Suriname,2024-01-01,Protests,0
Suriname,2024-01-01,Riots,0
Suriname,2024-01-01,Violence against civilians,0
