Country,Event month,Event Type,Events
Afghanistan,2023-12-01,Battles,22
Afghanistan,2023-12-01,Explosions/Remote violence,2
Afghanistan,2023-12-01,Protests,0
Afghanistan,2023-12-01,Riots,4
Afghanistan,2023-12-01,Violence against civilians,25
Armenia,2023-12-01,Battles,1
Armenia,2023-12-01,Explosions/Remote violence,0
Armenia,2023-12-01,Protests,0
Armenia,2023-12-01,Riots,0
Armenia,2023-12-01,Violence against civilians,0
Bangladesh,2023-12-01,Battles,4
Bangladesh,2023-12-01,Explosions/Remote violence,0
Bangladesh,2023-12-01,Protests,0
Bangladesh,2023-12-01,Riots,101
Bangladesh,2023-12-01,Violence against civilians,27
Belize,2023-12-01,Battles,1
Belize,2023-12-01,Explosions/Remote violence,0
Belize,2023-12-01,Protests,0
Belize,2023-12-01,Riots,0
Belize,2023-12-01,Violence against civilians,6
Benin,2023-12-01,Battles,2
Benin,2023-12-01,Explosions/Remote violence,6
Benin,2023-12-01,Protests,0
Benin,2023-12-01,Riots,9
Benin,2023-12-01,Violence against civilians,14
Brazil,2023-12-01,Battles,335
Brazil,2023-12-01,Explosions/Remote violence,3
Brazil,2023-12-01,Protests,0
Brazil,2023-12-01,Riots,23
Brazil,2023-12-01,Violence against civilians,335
Burkina Faso,2023-12-01,Battles,53
Burkina Faso,2023-12-01,Explosions/Remote violence,54
Burkina Faso,2023-12-01,Protests,0
Burkina Faso,2023-12-01,Riots,0
Burkina Faso,2023-12-01,Violence against civilians,34
Burundi,2023-12-01,Battles,6
Burundi,2023-12-01,Explosions/Remote violence,0
Burundi,2023-12-01,Protests,0
Burundi,2023-12-01,Riots,2
Burundi,2023-12-01,Violence against civilians,16
Cameroon,2023-12-01,Battles,95
Cameroon,2023-12-01,Explosions/Remote violence,6
Cameroon,2023-12-01,Protests,0
Cameroon,2023-12-01,Riots,16
Cameroon,2023-12-01,Violence against civilians,164
Central African Republic,2023-12-01,Battles,3
Central African Republic,2023-12-01,Explosions/Remote violence,1
Central African Republic,2023-12-01,Protests,0
Central African Republic,2023-12-01,Riots,1
Central African Republic,2023-12-01,Violence against civilians,16
Chile,2023-12-01,Battles,1
Chile,2023-12-01,Explosions/Remote violence,0
Chile,2023-12-01,Protests,0
Chile,2023-12-01,Riots,5
Chile,2023-12-01,Violence against civilians,5
Colombia,2023-12-01,Battles,30
Colombia,2023-12-01,Explosions/Remote violence,8
Colombia,2023-12-01,Protests,0
Colombia,2023-12-01,Riots,17
Colombia,2023-12-01,Violence against civilians,147
Democratic Republic of Congo,2023-12-01,Battles,54
Democratic Republic of Congo,2023-12-01,Explosions/Remote violence,2
Democratic Republic of Congo,2023-12-01,Protests,0
Democratic Republic of Congo,2023-12-01,Riots,43
Democratic Republic of Congo,2023-12-01,Violence against civilians,64
Dominican Republic,2023-12-01,Battles,1
Dominican Republic,2023-12-01,Explosions/Remote violence,0
Dominican Republic,2023-12-01,Protests,0
Dominican Republic,2023-12-01,Riots,0
Dominican Republic,2023-12-01,Violence against civilians,1
Ecuador,2023-12-01,Battles,1
Ecuador,2023-12-01,Explosions/Remote violence,1
Ecuador,2023-12-01,Protests,0
Ecuador,2023-12-01,Riots,6
Ecuador,2023-12-01,Violence against civilians,5
El Salvador,2023-12-01,Battles,1
El Salvador,2023-12-01,Explosions/Remote violence,0
El Salvador,2023-12-01,Protests,0
El Salvador,2023-12-01,Riots,0
El Salvador,2023-12-01,Violence against civilians,1
Ethiopia,2023-12-01,Battles,97
Ethiopia,2023-12-01,Explosions/Remote violence,8
Ethiopia,2023-12-01,Protests,0
Ethiopia,2023-12-01,Riots,0
Ethiopia,2023-12-01,Violence against civilians,46
French Guiana,2023-12-01,Battles,1
French Guiana,2023-12-01,Explosions/Remote violence,0
French Guiana,2023-12-01,Protests,0
French Guiana,2023-12-01,Riots,0
French Guiana,2023-12-01,Violence against civilians,0
Guatemala,2023-12-01,Battles,2
Guatemala,2023-12-01,Explosions/Remote violence,0
Guatemala,2023-12-01,Protests,0
Guatemala,2023-12-01,Riots,0
Guatemala,2023-12-01,Violence against civilians,14
Haiti,2023-12-01,Battles,30
Haiti,2023-12-01,Explosions/Remote violence,0
Haiti,2023-12-01,Protests,0
Haiti,2023-12-01,Riots,1
Haiti,2023-12-01,Violence against civilians,32
India,2023-12-01,Battles,42
India,2023-12-01,Explosions/Remote violence,18
India,2023-12-01,Protests,0
India,2023-12-01,Riots,106
India,2023-12-01,Violence against civilians,91
Indonesia,2023-12-01,Battles,4
Indonesia,2023-12-01,Explosions/Remote violence,0
Indonesia,2023-12-01,Protests,0
Indonesia,2023-12-01,Riots,13
Indonesia,2023-12-01,Violence against civilians,6
Iran,2023-12-01,Battles,3
Iran,2023-12-01,Explosions/Remote violence,2
Iran,2023-12-01,Protests,0
Iran,2023-12-01,Riots,4
Iran,2023-12-01,Violence against civilians,4
Iraq,2023-12-01,Battles,73
Iraq,2023-12-01,Explosions/Remote violence,453
Iraq,2023-12-01,Protests,0
Iraq,2023-12-01,Riots,0
Iraq,2023-12-01,Violence against civilians,28
Israel,2023-12-01,Battles,37
Israel,2023-12-01,Explosions/Remote violence,287
Israel,2023-12-01,Protests,0
Israel,2023-12-01,Riots,0
Israel,2023-12-01,Violence against civilians,0
Jamaica,2023-12-01,Battles,9
Jamaica,2023-12-01,Explosions/Remote violence,0
Jamaica,2023-12-01,Protests,0
Jamaica,2023-12-01,Riots,0
Jamaica,2023-12-01,Violence against civilians,22
Jordan,2023-12-01,Battles,7
Jordan,2023-12-01,Explosions/Remote violence,0
Jordan,2023-12-01,Protests,0
Jordan,2023-12-01,Riots,0
Jordan,2023-12-01,Violence against civilians,0
Kenya,2023-12-01,Battles,22
Kenya,2023-12-01,Explosions/Remote violence,1
Kenya,2023-12-01,Protests,0
Kenya,2023-12-01,Riots,34
Kenya,2023-12-01,Violence against civilians,19
Lebanon,2023-12-01,Battles,3
Lebanon,2023-12-01,Explosions/Remote violence,828
Lebanon,2023-12-01,Protests,0
Lebanon,2023-12-01,Riots,1
Lebanon,2023-12-01,Violence against civilians,3
Libya,2023-12-01,Battles,1
Libya,2023-12-01,Explosions/Remote violence,2
Libya,2023-12-01,Protests,0
Libya,2023-12-01,Riots,0
Libya,2023-12-01,Violence against civilians,3
Madagascar,2023-12-01,Battles,30
Madagascar,2023-12-01,Explosions/Remote violence,0
Madagascar,2023-12-01,Protests,0
Madagascar,2023-12-01,Riots,7
Madagascar,2023-12-01,Violence against civilians,14
Mali,2023-12-01,Battles,28
Mali,2023-12-01,Explosions/Remote violence,63
Mali,2023-12-01,Protests,0
Mali,2023-12-01,Riots,0
Mali,2023-12-01,Violence against civilians,65
Mexico,2023-12-01,Battles,109
Mexico,2023-12-01,Explosions/Remote violence,4
Mexico,2023-12-01,Protests,0
Mexico,2023-12-01,Riots,28
Mexico,2023-12-01,Violence against civilians,330
Mozambique,2023-12-01,Battles,4
Mozambique,2023-12-01,Explosions/Remote violence,0
Mozambique,2023-12-01,Protests,1
Mozambique,2023-12-01,Riots,9
Mozambique,2023-12-01,Violence against civilians,7
Myanmar,2023-12-01,Battles,480
Myanmar,2023-12-01,Explosions/Remote violence,770
Myanmar,2023-12-01,Protests,0
Myanmar,2023-12-01,Riots,0
Myanmar,2023-12-01,Violence against civilians,151
Niger,2023-12-01,Battles,5
Niger,2023-12-01,Explosions/Remote violence,15
Niger,2023-12-01,Protests,0
Niger,2023-12-01,Riots,0
Niger,2023-12-01,Violence against civilians,12
Nigeria,2023-12-01,Battles,130
Nigeria,2023-12-01,Explosions/Remote violence,24
Nigeria,2023-12-01,Protests,2
Nigeria,2023-12-01,Riots,16
Nigeria,2023-12-01,Violence against civilians,165
Pakistan,2023-12-01,Battles,50
Pakistan,2023-12-01,Explosions/Remote violence,25
Pakistan,2023-12-01,Protests,0
Pakistan,2023-12-01,Riots,5
Pakistan,2023-12-01,Violence against civilians,30
Palestine,2023-12-01,Battles,427
Palestine,2023-12-01,Explosions/Remote violence,1204
Palestine,2023-12-01,Protests,1
Palestine,2023-12-01,Riots,351
Palestine,2023-12-01,Violence against civilians,103
Papua New Guinea,2023-12-01,Battles,1
Papua New Guinea,2023-12-01,Explosions/Remote violence,0
Papua New Guinea,2023-12-01,Protests,0
Papua New Guinea,2023-12-01,Riots,18
Papua New Guinea,2023-12-01,Violence against civilians,1
Philippines,2023-12-01,Battles,29
Philippines,2023-12-01,Explosions/Remote violence,4
Philippines,2023-12-01,Protests,0
Philippines,2023-12-01,Riots,0
Philippines,2023-12-01,Violence against civilians,24
Puerto Rico,2023-12-01,Battles,7
Puerto Rico,2023-12-01,Explosions/Remote violence,0
Puerto Rico,2023-12-01,Protests,0
Puerto Rico,2023-12-01,Riots,0
Puerto Rico,2023-12-01,Violence against civilians,13
Senegal,2023-12-01,Battles,1
Senegal,2023-12-01,Explosions/Remote violence,2
Senegal,2023-12-01,Protests,0
Senegal,2023-12-01,Riots,0
Senegal,2023-12-01,Violence against civilians,1
Somalia,2023-12-01,Battles,158
Somalia,2023-12-01,Explosions/Remote violence,57
Somalia,2023-12-01,Protests,0
Somalia,2023-12-01,Riots,0
Somalia,2023-12-01,Violence against civilians,23
South Sudan,2023-12-01,Battles,9
South Sudan,2023-12-01,Explosions/Remote violence,0
South Sudan,2023-12-01,Protests,0
South Sudan,2023-12-01,Riots,1
South Sudan,2023-12-01,Violence against civilians,16
Sri Lanka,2023-12-01,Battles,1
Sri Lanka,2023-12-01,Explosions/Remote violence,1
Sri Lanka,2023-12-01,Protests,0
Sri Lanka,2023-12-01,Riots,7
Sri Lanka,2023-12-01,Violence against civilians,1
Sudan,2023-12-01,Battles,189
Sudan,2023-12-01,Explosions/Remote violence,227
Sudan,2023-12-01,Protests,0
Sudan,2023-12-01,Riots,0
Sudan,2023-12-01,Violence against civilians,103
Syria,2023-12-01,Battles,249
Syria,2023-12-01,Explosions/Remote violence,707
Syria,2023-12-01,Protests,0
Syria,2023-12-01,Riots,8
Syria,2023-12-01,Violence against civilians,151
Thailand,2023-12-01,Battles,2
Thailand,2023-12-01,Explosions/Remote violence,1
Thailand,2023-12-01,Protests,0
Thailand,2023-12-01,Riots,0
Thailand,2023-12-01,Violence against civilians,2
Togo,2023-12-01,Battles,1
Togo,2023-12-01,Explosions/Remote violence,0
Togo,2023-12-01,Protests,0
Togo,2023-12-01,Riots,0
Togo,2023-12-01,Violence against civilians,1
Trinidad and Tobago,2023-12-01,Battles,5
Trinidad and Tobago,2023-12-01,Explosions/Remote violence,0
Trinidad and Tobago,2023-12-01,Protests,0
Trinidad and Tobago,2023-12-01,Riots,0
Trinidad and Tobago,2023-12-01,Violence against civilians,26
Tunisia,2023-12-01,Battles,1
Tunisia,2023-12-01,Explosions/Remote violence,1
Tunisia,2023-12-01,Protests,0
Tunisia,2023-12-01,Riots,3
Tunisia,2023-12-01,Violence against civilians,0
Turkey,2023-12-01,Battles,4
Turkey,2023-12-01,Explosions/Remote violence,2
Turkey,2023-12-01,Protests,0
Turkey,2023-12-01,Riots,2
Turkey,2023-12-01,Violence against civilians,8
Uganda,2023-12-01,Battles,4
Uganda,2023-12-01,Explosions/Remote violence,3
Uganda,2023-12-01,Protests,0
Uganda,2023-12-01,Riots,9
Uganda,2023-12-01,Violence against civilians,13
Ukraine,2023-12-01,Battles,990
Ukraine,2023-12-01,Explosions/Remote violence,3065
Ukraine,2023-12-01,Protests,0
Ukraine,2023-12-01,Riots,0
Ukraine,2023-12-01,Violence against civilians,2
Venezuela,2023-12-01,Battles,14
Venezuela,2023-12-01,Explosions/Remote violence,0
Venezuela,2023-12-01,Protests,0
Venezuela,2023-12-01,Riots,2
Venezuela,2023-12-01,Violence against civilians,19
Vietnam,2023-12-01,Battles,1
Vietnam,2023-12-01,Explosions/Remote violence,0
Vietnam,2023-12-01,Protests,0
Vietnam,2023-12-01,Riots,0
Vietnam,2023-12-01,Violence against civilians,0
Yemen,2023-12-01,Battles,40
Yemen,2023-12-01,Explosions/Remote violence,58
Yemen,2023-12-01,Protests,0
Yemen,2023-12-01,Riots,1
Yemen,2023-12-01,Violence against civilians,42
Azerbaijan,2023-12-01,Battles,0
Azerbaijan,2023-12-01,Explosions/Remote violence,4
Azerbaijan,2023-12-01,Protests,0
Azerbaijan,2023-12-01,Riots,0
Azerbaijan,2023-12-01,Violence against civilians,0
China,2023-12-01,Battles,0
China,2023-12-01,Explosions/Remote violence,1
China,2023-12-01,Protests,0
China,2023-12-01,Riots,0
China,2023-12-01,Violence against civilians,11
Cyprus,2023-12-01,Battles,0
Cyprus,2023-12-01,Explosions/Remote violence,1
Cyprus,2023-12-01,Protests,0
Cyprus,2023-12-01,Riots,0
Cyprus,2023-12-01,Violence against civilians,1
Greece,2023-12-01,Battles,0
Greece,2023-12-01,Explosions/Remote violence,1
Greece,2023-12-01,Protests,0
Greece,2023-12-01,Riots,4
Greece,2023-12-01,Violence against civilians,1
Morocco,2023-12-01,Battles,0
Morocco,2023-12-01,Explosions/Remote violence,3
Morocco,2023-12-01,Protests,0
Morocco,2023-12-01,Riots,0
Morocco,2023-12-01,Violence against civilians,0
Russia,2023-12-01,Battles,0
Russia,2023-12-01,Explosions/Remote violence,372
Russia,2023-12-01,Protests,0
Russia,2023-12-01,Riots,0
Russia,2023-12-01,Violence against civilians,7
Spain,2023-12-01,Battles,0
Spain,2023-12-01,Explosions/Remote violence,0
Spain,2023-12-01,Protests,1
Spain,2023-12-01,Riots,0
Spain,2023-12-01,Violence against civilians,0
Albania,2023-12-01,Battles,0
Albania,2023-12-01,Explosions/Remote violence,0
Albania,2023-12-01,Protests,0
Albania,2023-12-01,Riots,1
Albania,2023-12-01,Violence against civilians,0
Angola,2023-12-01,Battles,0
Angola,2023-12-01,Explosions/Remote violence,0
Angola,2023-12-01,Protests,0
Angola,2023-12-01,Riots,1
Angola,2023-12-01,Violence against civilians,1
Bahamas,2023-12-01,Battles,0
Bahamas,2023-12-01,Explosions/Remote violence,0
Bahamas,2023-12-01,Protests,0
Bahamas,2023-12-01,Riots,1
Bahamas,2023-12-01,Violence against civilians,0
Bolivia,2023-12-01,Battles,0
Bolivia,2023-12-01,Explosions/Remote violence,0
Bolivia,2023-12-01,Protests,0
Bolivia,2023-12-01,Riots,9
Bolivia,2023-12-01,Violence against civilians,3
Cuba,2023-12-01,Battles,0
Cuba,2023-12-01,Explosions/Remote violence,0
Cuba,2023-12-01,Protests,0
Cuba,2023-12-01,Riots,1
Cuba,2023-12-01,Violence against civilians,1
Czech Republic,2023-12-01,Battles,0
Czech Republic,2023-12-01,Explosions/Remote violence,0
Czech Republic,2023-12-01,Protests,0
Czech Republic,2023-12-01,Riots,1
Czech Republic,2023-12-01,Violence against civilians,0
Djibouti,2023-12-01,Battles,0
Djibouti,2023-12-01,Explosions/Remote violence,0
Djibouti,2023-12-01,Protests,0
Djibouti,2023-12-01,Riots,4
Djibouti,2023-12-01,Violence against civilians,0
France,2023-12-01,Battles,0
France,2023-12-01,Explosions/Remote violence,0
France,2023-12-01,Protests,0
France,2023-12-01,Riots,5
France,2023-12-01,Violence against civilians,1
Germany,2023-12-01,Battles,0
Germany,2023-12-01,Explosions/Remote violence,0
Germany,2023-12-01,Protests,0
Germany,2023-12-01,Riots,2
Germany,2023-12-01,Violence against civilians,0
Ghana,2023-12-01,Battles,0
Ghana,2023-12-01,Explosions/Remote violence,0
Ghana,2023-12-01,Protests,0
Ghana,2023-12-01,Riots,13
Ghana,2023-12-01,Violence against civilians,4
Guinea,2023-12-01,Battles,0
Guinea,2023-12-01,Explosions/Remote violence,0
Guinea,2023-12-01,Protests,0
Guinea,2023-12-01,Riots,1
Guinea,2023-12-01,Violence against civilians,4
Ivory Coast,2023-12-01,Battles,0
Ivory Coast,2023-12-01,Explosions/Remote violence,0
Ivory Coast,2023-12-01,Protests,0
Ivory Coast,2023-12-01,Riots,1
Ivory Coast,2023-12-01,Violence against civilians,0
Kazakhstan,2023-12-01,Battles,0
Kazakhstan,2023-12-01,Explosions/Remote violence,0
Kazakhstan,2023-12-01,Protests,0
Kazakhstan,2023-12-01,Riots,1
Kazakhstan,2023-12-01,Violence against civilians,6
Lesotho,2023-12-01,Battles,0
Lesotho,2023-12-01,Explosions/Remote violence,0
Lesotho,2023-12-01,Protests,0
Lesotho,2023-12-01,Riots,1
Lesotho,2023-12-01,Violence against civilians,4
Malawi,2023-12-01,Battles,0
Malawi,2023-12-01,Explosions/Remote violence,0
Malawi,2023-12-01,Protests,0
Malawi,2023-12-01,Riots,11
Malawi,2023-12-01,Violence against civilians,0
Mayotte,2023-12-01,Battles,0
Mayotte,2023-12-01,Explosions/Remote violence,0
Mayotte,2023-12-01,Protests,0
Mayotte,2023-12-01,Riots,8
Mayotte,2023-12-01,Violence against civilians,0
Nepal,2023-12-01,Battles,0
Nepal,2023-12-01,Explosions/Remote violence,0
Nepal,2023-12-01,Protests,0
Nepal,2023-12-01,Riots,10
Nepal,2023-12-01,Violence against civilians,4
Netherlands,2023-12-01,Battles,0
Netherlands,2023-12-01,Explosions/Remote violence,0
Netherlands,2023-12-01,Protests,0
Netherlands,2023-12-01,Riots,1
Netherlands,2023-12-01,Violence against civilians,0
Peru,2023-12-01,Battles,0
Peru,2023-12-01,Explosions/Remote violence,0
Peru,2023-12-01,Protests,0
Peru,2023-12-01,Riots,11
Peru,2023-12-01,Violence against civilians,1
Poland,2023-12-01,Battles,0
Poland,2023-12-01,Explosions/Remote violence,0
Poland,2023-12-01,Protests,0
Poland,2023-12-01,Riots,3
Poland,2023-12-01,Violence against civilians,1
Reunion,2023-12-01,Battles,0
Reunion,2023-12-01,Explosions/Remote violence,0
Reunion,2023-12-01,Protests,0
Reunion,2023-12-01,Riots,1
Reunion,2023-12-01,Violence against civilians,0
South Africa,2023-12-01,Battles,0
South Africa,2023-12-01,Explosions/Remote violence,0
South Africa,2023-12-01,Protests,0
South Africa,2023-12-01,Riots,9
South Africa,2023-12-01,Violence against civilians,17
Tanzania,2023-12-01,Battles,0
Tanzania,2023-12-01,Explosions/Remote violence,0
Tanzania,2023-12-01,Protests,0
Tanzania,2023-12-01,Riots,1
Tanzania,2023-12-01,Violence against civilians,0
United Kingdom,2023-12-01,Battles,0
United Kingdom,2023-12-01,Explosions/Remote violence,0
United Kingdom,2023-12-01,Protests,0
United Kingdom,2023-12-01,Riots,1
United Kingdom,2023-12-01,Violence against civilians,0
United States,2023-12-01,Battles,0
United States,2023-12-01,Explosions/Remote violence,0
United States,2023-12-01,Protests,0
United States,2023-12-01,Riots,4
United States,2023-12-01,Violence against civilians,5
Uruguay,2023-12-01,Battles,0
Uruguay,2023-12-01,Explosions/Remote violence,0
Uruguay,2023-12-01,Protests,0
Uruguay,2023-12-01,Riots,1
Uruguay,2023-12-01,Violence against civilians,0
Zambia,2023-12-01,Battles,0
Zambia,2023-12-01,Explosions/Remote violence,0
Zambia,2023-12-01,Protests,0
Zambia,2023-12-01,Riots,1
Zambia,2023-12-01,Violence against civilians,0
Zimbabwe,2023-12-01,Battles,0
Zimbabwe,2023-12-01,Explosions/Remote violence,0
Zimbabwe,2023-12-01,Protests,0
Zimbabwe,2023-12-01,Riots,2
Zimbabwe,2023-12-01,Violence against civilians,3
Bosnia and Herzegovina,2023-12-01,Battles,0
Bosnia and Herzegovina,2023-12-01,Explosions/Remote violence,0
Bosnia and Herzegovina,2023-12-01,Protests,0
Bosnia and Herzegovina,2023-12-01,Riots,0
Bosnia and Herzegovina,2023-12-01,Violence against civilians,1
Chad,2023-12-01,Battles,0
Chad,2023-12-01,Explosions/Remote violence,0
Chad,2023-12-01,Protests,0
Chad,2023-12-01,Riots,0
Chad,2023-12-01,Violence against civilians,3
Egypt,2023-12-01,Battles,0
Egypt,2023-12-01,Explosions/Remote violence,0
Egypt,2023-12-01,Protests,0
Egypt,2023-12-01,Riots,0
Egypt,2023-12-01,Violence against civilians,1
Gabon,2023-12-01,Battles,0
Gabon,2023-12-01,Explosions/Remote violence,0
Gabon,2023-12-01,Protests,0
Gabon,2023-12-01,Riots,0
Gabon,2023-12-01,Violence against civilians,1
Georgia,2023-12-01,Battles,0
Georgia,2023-12-01,Explosions/Remote violence,0
Georgia,2023-12-01,Protests,0
Georgia,2023-12-01,Riots,0
Georgia,2023-12-01,Violence against civilians,1
Guyana,2023-12-01,Battles,0
Guyana,2023-12-01,Explosions/Remote violence,0
Guyana,2023-12-01,Protests,0
Guyana,2023-12-01,Riots,0
Guyana,2023-12-01,Violence against civilians,2
Honduras,2023-12-01,Battles,0
Honduras,2023-12-01,Explosions/Remote violence,0
Honduras,2023-12-01,Protests,0
Honduras,2023-12-01,Riots,0
Honduras,2023-12-01,Violence against civilians,23
Kyrgyzstan,2023-12-01,Battles,0
Kyrgyzstan,2023-12-01,Explosions/Remote violence,0
Kyrgyzstan,2023-12-01,Protests,0
Kyrgyzstan,2023-12-01,Riots,0
Kyrgyzstan,2023-12-01,Violence against civilians,4
Serbia,2023-12-01,Battles,0
Serbia,2023-12-01,Explosions/Remote violence,0
Serbia,2023-12-01,Protests,0
Serbia,2023-12-01,Riots,0
Serbia,2023-12-01,Violence against civilians,1
Sierra Leone,2023-12-01,Battles,0
Sierra Leone,2023-12-01,Explosions/Remote violence,0
Sierra Leone,2023-12-01,Protests,0
Sierra Leone,2023-12-01,Riots,0
Sierra Leone,2023-12-01,Violence against civilians,1
Turkmenistan,2023-12-01,Battles,0
Turkmenistan,2023-12-01,Explosions/Remote violence,0
Turkmenistan,2023-12-01,Protests,0
Turkmenistan,2023-12-01,Riots,0
Turkmenistan,2023-12-01,Violence against civilians,1
Uzbekistan,2023-12-01,Battles,0
Uzbekistan,2023-12-01,Explosions/Remote violence,0
Uzbekistan,2023-12-01,Protests,0
Uzbekistan,2023-12-01,Riots,0
Uzbekistan,2023-12-01,Violence against civilians,2
Cape Verde,2023-12-01,Battles,0
Cape Verde,2023-12-01,Explosions/Remote violence,0
Cape Verde,2023-12-01,Protests,0
Cape Verde,2023-12-01,Riots,0
Cape Verde,2023-12-01,Violence against civilians,0
Nicaragua,2023-12-01,Battles,0
Nicaragua,2023-12-01,Explosions/Remote violence,0
Nicaragua,2023-12-01,Protests,0
Nicaragua,2023-12-01,Riots,0
Nicaragua,2023-12-01,Violence against civilians,0
Rwanda,2023-12-01,Battles,0
Rwanda,2023-12-01,Explosions/Remote violence,0
Rwanda,2023-12-01,Protests,0
Rwanda,2023-12-01,Riots,0
Rwanda,2023-12-01,Violence against civilians,0
Kosovo,2023-12-01,Battles,0
Kosovo,2023-12-01,Explosions/Remote violence,0
Kosovo,2023-12-01,Protests,0
Kosovo,2023-12-01,Riots,0
Kosovo,2023-12-01,Violence against civilians,0
Mauritania,2023-12-01,Battles,0
Mauritania,2023-12-01,Explosions/Remote violence,0
Mauritania,2023-12-01,Protests,0
Mauritania,2023-12-01,Riots,0
Mauritania,2023-12-01,Violence against civilians,0
Namibia,2023-12-01,Battles,0
Namibia,2023-12-01,Explosions/Remote violence,0
Namibia,2023-12-01,Protests,0
Namibia,2023-12-01,Riots,0
Namibia,2023-12-01,Violence against civilians,0
Australia,2023-12-01,Battles,0
Australia,2023-12-01,Explosions/Remote violence,0
Australia,2023-12-01,Protests,0
Australia,2023-12-01,Riots,0
Australia,2023-12-01,Violence against civilians,0
Comoros,2023-12-01,Battles,0
Comoros,2023-12-01,Explosions/Remote violence,0
Comoros,2023-12-01,Protests,0
Comoros,2023-12-01,Riots,0
Comoros,2023-12-01,Violence against civilians,0
Italy,2023-12-01,Battles,0
Italy,2023-12-01,Explosions/Remote violence,0
Italy,2023-12-01,Protests,0
Italy,2023-12-01,Riots,0
Italy,2023-12-01,Violence against civilians,0
Liberia,2023-12-01,Battles,0
Liberia,2023-12-01,Explosions/Remote violence,0
Liberia,2023-12-01,Protests,0
Liberia,2023-12-01,Riots,0
Liberia,2023-12-01,Violence against civilians,0
Maldives,2023-12-01,Battles,0
Maldives,2023-12-01,Explosions/Remote violence,0
Maldives,2023-12-01,Protests,0
Maldives,2023-12-01,Riots,0
Maldives,2023-12-01,Violence against civilians,0
Mauritius,2023-12-01,Battles,0
Mauritius,2023-12-01,Explosions/Remote violence,0
Mauritius,2023-12-01,Protests,0
Mauritius,2023-12-01,Riots,0
Mauritius,2023-12-01,Violence against civilians,0
eSwatini,2023-12-01,Battles,0
eSwatini,2023-12-01,Explosions/Remote violence,0
eSwatini,2023-12-01,Protests,0
eSwatini,2023-12-01,Riots,0
eSwatini,2023-12-01,Violence against civilians,0
Bahrain,2023-12-01,Battles,0
Bahrain,2023-12-01,Explosions/Remote violence,0
Bahrain,2023-12-01,Protests,0
Bahrain,2023-12-01,Riots,0
Bahrain,2023-12-01,Violence against civilians,0
Belarus,2023-12-01,Battles,0
Belarus,2023-12-01,Explosions/Remote violence,0
Belarus,2023-12-01,Protests,0
Belarus,2023-12-01,Riots,0
Belarus,2023-12-01,Violence against civilians,0
Canada,2023-12-01,Battles,0
Canada,2023-12-01,Explosions/Remote violence,0
Canada,2023-12-01,Protests,0
Canada,2023-12-01,Riots,0
Canada,2023-12-01,Violence against civilians,0
Costa Rica,2023-12-01,Battles,0
Costa Rica,2023-12-01,Explosions/Remote violence,0
Costa Rica,2023-12-01,Protests,0
Costa Rica,2023-12-01,Riots,0
Costa Rica,2023-12-01,Violence against civilians,0
Malaysia,2023-12-01,Battles,0
Malaysia,2023-12-01,Explosions/Remote violence,0
Malaysia,2023-12-01,Protests,0
Malaysia,2023-12-01,Riots,0
Malaysia,2023-12-01,Violence against civilians,0
Portugal,2023-12-01,Battles,0
Portugal,2023-12-01,Explosions/Remote violence,0
Portugal,2023-12-01,Protests,0
Portugal,2023-12-01,Riots,0
Portugal,2023-12-01,Violence against civilians,0
Saint Vincent and the Grenadines,2023-12-01,Battles,0
Saint Vincent and the Grenadines,2023-12-01,Explosions/Remote violence,0
Saint Vincent and the Grenadines,2023-12-01,Protests,0
Saint Vincent and the Grenadines,2023-12-01,Riots,0
Saint Vincent and the Grenadines,2023-12-01,Violence against civilians,0
Saudi Arabia,2023-12-01,Battles,0
Saudi Arabia,2023-12-01,Explosions/Remote violence,0
Saudi Arabia,2023-12-01,Protests,0
Saudi Arabia,2023-12-01,Riots,0
Saudi Arabia,2023-12-01,Violence against civilians,0
South Korea,2023-12-01,Battles,0
South Korea,2023-12-01,Explosions/Remote violence,0
South Korea,2023-12-01,Protests,0
South Korea,2023-12-01,Riots,0
South Korea,2023-12-01,Violence against civilians,0
Suriname,2023-12-01,Battles,0
Suriname,2023-12-01,Explosions/Remote violence,0
Suriname,2023-12-01,Protests,0
Suriname,2023-12-01,Riots,0
Suriname,2023-12-01,Violence against civilians,0
Afghanistan,2024-01-01,Battles,16
Afghanistan,2024-01-01,Explosions/Remote violence,16
Afghanistan,2024-01-01,Protests,0
Afghanistan,2024-01-01,Riots,3
Afghanistan,2024-01-01,Violence against civilians,49
Armenia,2024-01-01,Battles,0
Armenia,2024-01-01,Explosions/Remote violence,0
Armenia,2024-01-01,Protests,0
Armenia,2024-01-01,Riots,0
Armenia,2024-01-01,Violence against civilians,0
Bangladesh,2024-01-01,Battles,5
Bangladesh,2024-01-01,Explosions/Remote violence,0
Bangladesh,2024-01-01,Protests,0
Bangladesh,2024-01-01,Riots,81
Bangladesh,2024-01-01,Violence against civilians,26
Belize,2024-01-01,Battles,1
Belize,2024-01-01,Explosions/Remote violence,0
Belize,2024-01-01,Protests,0
Belize,2024-01-01,Riots,0
Belize,2024-01-01,Violence against civilians,4
Benin,2024-01-01,Battles,10
Benin,2024-01-01,Explosions/Remote violence,1
Benin,2024-01-01,Protests,0
Benin,2024-01-01,Riots,2
Benin,2024-01-01,Violence against civilians,29
Brazil,2024-01-01,Battles,412
Brazil,2024-01-01,Explosions/Remote violence,4
Brazil,2024-01-01,Protests,0
Brazil,2024-01-01,Riots,18
Brazil,2024-01-01,Violence against civilians,388
Burkina Faso,2024-01-01,Battles,40
Burkina Faso,2024-01-01,Explosions/Remote violence,35
Burkina Faso,2024-01-01,Protests,0
Burkina Faso,2024-01-01,Riots,0
Burkina Faso,2024-01-01,Violence against civilians,21
Burundi,2024-01-01,Battles,1
Burundi,2024-01-01,Explosions/Remote violence,0
Burundi,2024-01-01,Protests,0
Burundi,2024-01-01,Riots,1
Burundi,2024-01-01,Violence against civilians,18
Cameroon,2024-01-01,Battles,63
Cameroon,2024-01-01,Explosions/Remote violence,5
Cameroon,2024-01-01,Protests,1
Cameroon,2024-01-01,Riots,7
Cameroon,2024-01-01,Violence against civilians,113
Central African Republic,2024-01-01,Battles,12
Central African Republic,2024-01-01,Explosions/Remote violence,3
Central African Republic,2024-01-01,Protests,0
Central African Republic,2024-01-01,Riots,3
Central African Republic,2024-01-01,Violence against civilians,12
Chile,2024-01-01,Battles,1
Chile,2024-01-01,Explosions/Remote violence,0
Chile,2024-01-01,Protests,1
Chile,2024-01-01,Riots,8
Chile,2024-01-01,Violence against civilians,1
Colombia,2024-01-01,Battles,40
Colombia,2024-01-01,Explosions/Remote violence,11
Colombia,2024-01-01,Protests,0
Colombia,2024-01-01,Riots,27
Colombia,2024-01-01,Violence against civilians,162
Democratic Republic of Congo,2024-01-01,Battles,95
Democratic Republic of Congo,2024-01-01,Explosions/Remote violence,27
Democratic Republic of Congo,2024-01-01,Protests,2
Democratic Republic of Congo,2024-01-01,Riots,16
Democratic Republic of Congo,2024-01-01,Violence against civilians,77
Dominican Republic,2024-01-01,Battles,0
Dominican Republic,2024-01-01,Explosions/Remote violence,0
Dominican Republic,2024-01-01,Protests,0
Dominican Republic,2024-01-01,Riots,0
Dominican Republic,2024-01-01,Violence against civilians,2
Ecuador,2024-01-01,Battles,0
Ecuador,2024-01-01,Explosions/Remote violence,2
Ecuador,2024-01-01,Protests,0
Ecuador,2024-01-01,Riots,20
Ecuador,2024-01-01,Violence against civilians,4
El Salvador,2024-01-01,Battles,1
El Salvador,2024-01-01,Explosions/Remote violence,0
El Salvador,2024-01-01,Protests,0
El Salvador,2024-01-01,Riots,0
El Salvador,2024-01-01,Violence against civilians,1
Ethiopia,2024-01-01,Battles,84
Ethiopia,2024-01-01,Explosions/Remote violence,9
Ethiopia,2024-01-01,Protests,0
Ethiopia,2024-01-01,Riots,0
Ethiopia,2024-01-01,Violence against civilians,47
French Guiana,2024-01-01,Battles,0
French Guiana,2024-01-01,Explosions/Remote violence,0
French Guiana,2024-01-01,Protests,0
French Guiana,2024-01-01,Riots,0
French Guiana,2024-01-01,Violence against civilians,0
Guatemala,2024-01-01,Battles,5
Guatemala,2024-01-01,Explosions/Remote violence,0
Guatemala,2024-01-01,Protests,0
Guatemala,2024-01-01,Riots,4
Guatemala,2024-01-01,Violence against civilians,16
Haiti,2024-01-01,Battles,60
Haiti,2024-01-01,Explosions/Remote violence,0
Haiti,2024-01-01,Protests,2
Haiti,2024-01-01,Riots,3
Haiti,2024-01-01,Violence against civilians,35
India,2024-01-01,Battles,49
India,2024-01-01,Explosions/Remote violence,10
India,2024-01-01,Protests,0
India,2024-01-01,Riots,152
India,2024-01-01,Violence against civilians,71
Indonesia,2024-01-01,Battles,10
Indonesia,2024-01-01,Explosions/Remote violence,0
Indonesia,2024-01-01,Protests,0
Indonesia,2024-01-01,Riots,10
Indonesia,2024-01-01,Violence against civilians,9
Iran,2024-01-01,Battles,10
Iran,2024-01-01,Explosions/Remote violence,8
Iran,2024-01-01,Protests,1
Iran,2024-01-01,Riots,2
Iran,2024-01-01,Violence against civilians,7
Iraq,2024-01-01,Battles,100
Iraq,2024-01-01,Explosions/Remote violence,476
Iraq,2024-01-01,Protests,1
Iraq,2024-01-01,Riots,0
Iraq,2024-01-01,Violence against civilians,30
Israel,2024-01-01,Battles,48
Israel,2024-01-01,Explosions/Remote violence,214
Israel,2024-01-01,Protests,0
Israel,2024-01-01,Riots,1
Israel,2024-01-01,Violence against civilians,1
Jamaica,2024-01-01,Battles,9
Jamaica,2024-01-01,Explosions/Remote violence,0
Jamaica,2024-01-01,Protests,0
Jamaica,2024-01-01,Riots,2
Jamaica,2024-01-01,Violence against civilians,23
Jordan,2024-01-01,Battles,0
Jordan,2024-01-01,Explosions/Remote violence,1
Jordan,2024-01-01,Protests,0
Jordan,2024-01-01,Riots,0
Jordan,2024-01-01,Violence against civilians,0
Kenya,2024-01-01,Battles,12
Kenya,2024-01-01,Explosions/Remote violence,4
Kenya,2024-01-01,Protests,0
Kenya,2024-01-01,Riots,31
Kenya,2024-01-01,Violence against civilians,29
Lebanon,2024-01-01,Battles,3
Lebanon,2024-01-01,Explosions/Remote violence,729
Lebanon,2024-01-01,Protests,0
Lebanon,2024-01-01,Riots,2
Lebanon,2024-01-01,Violence against civilians,1
Libya,2024-01-01,Battles,1
Libya,2024-01-01,Explosions/Remote violence,1
Libya,2024-01-01,Protests,0
Libya,2024-01-01,Riots,0
Libya,2024-01-01,Violence against civilians,4
Madagascar,2024-01-01,Battles,19
Madagascar,2024-01-01,Explosions/Remote violence,1
Madagascar,2024-01-01,Protests,0
Madagascar,2024-01-01,Riots,8
Madagascar,2024-01-01,Violence against civilians,21
Mali,2024-01-01,Battles,33
Mali,2024-01-01,Explosions/Remote violence,46
Mali,2024-01-01,Protests,0
Mali,2024-01-01,Riots,1
Mali,2024-01-01,Violence against civilians,69
Mexico,2024-01-01,Battles,109
Mexico,2024-01-01,Explosions/Remote violence,5
Mexico,2024-01-01,Protests,0
Mexico,2024-01-01,Riots,18
Mexico,2024-01-01,Violence against civilians,368
Mozambique,2024-01-01,Battles,4
Mozambique,2024-01-01,Explosions/Remote violence,0
Mozambique,2024-01-01,Protests,0
Mozambique,2024-01-01,Riots,4
Mozambique,2024-01-01,Violence against civilians,25
Myanmar,2024-01-01,Battles,478
Myanmar,2024-01-01,Explosions/Remote violence,639
Myanmar,2024-01-01,Protests,0
Myanmar,2024-01-01,Riots,0
Myanmar,2024-01-01,Violence against civilians,133
Niger,2024-01-01,Battles,13
Niger,2024-01-01,Explosions/Remote violence,20
Niger,2024-01-01,Protests,0
Niger,2024-01-01,Riots,2
Niger,2024-01-01,Violence against civilians,19
Nigeria,2024-01-01,Battles,117
Nigeria,2024-01-01,Explosions/Remote violence,51
Nigeria,2024-01-01,Protests,0
Nigeria,2024-01-01,Riots,17
Nigeria,2024-01-01,Violence against civilians,164
Pakistan,2024-01-01,Battles,65
Pakistan,2024-01-01,Explosions/Remote violence,46
Pakistan,2024-01-01,Protests,0
Pakistan,2024-01-01,Riots,16
Pakistan,2024-01-01,Violence against civilians,63
Palestine,2024-01-01,Battles,373
Palestine,2024-01-01,Explosions/Remote violence,1096
Palestine,2024-01-01,Protests,0
Palestine,2024-01-01,Riots,278
Palestine,2024-01-01,Violence against civilians,109
Papua New Guinea,2024-01-01,Battles,0
Papua New Guinea,2024-01-01,Explosions/Remote violence,0
Papua New Guinea,2024-01-01,Protests,0
Papua New Guinea,2024-01-01,Riots,28
Papua New Guinea,2024-01-01,Violence against civilians,3
Philippines,2024-01-01,Battles,22
Philippines,2024-01-01,Explosions/Remote violence,0
Philippines,2024-01-01,Protests,0
Philippines,2024-01-01,Riots,0
Philippines,2024-01-01,Violence against civilians,32
Puerto Rico,2024-01-01,Battles,5
Puerto Rico,2024-01-01,Explosions/Remote violence,0
Puerto Rico,2024-01-01,Protests,0
Puerto Rico,2024-01-01,Riots,0
Puerto Rico,2024-01-01,Violence against civilians,20
Senegal,2024-01-01,Battles,0
Senegal,2024-01-01,Explosions/Remote violence,0
Senegal,2024-01-01,Protests,0
Senegal,2024-01-01,Riots,1
Senegal,2024-01-01,Violence against civilians,1
Somalia,2024-01-01,Battles,98
Somalia,2024-01-01,Explosions/Remote violence,69
Somalia,2024-01-01,Protests,0
Somalia,2024-01-01,Riots,1
Somalia,2024-01-01,Violence against civilians,30
South Sudan,2024-01-01,Battles,14
South Sudan,2024-01-01,Explosions/Remote violence,0
South Sudan,2024-01-01,Protests,0
South Sudan,2024-01-01,Riots,0
South Sudan,2024-01-01,Violence against civilians,25
Sri Lanka,2024-01-01,Battles,0
Sri Lanka,2024-01-01,Explosions/Remote violence,0
Sri Lanka,2024-01-01,Protests,0
Sri Lanka,2024-01-01,Riots,2
Sri Lanka,2024-01-01,Violence against civilians,1
Sudan,2024-01-01,Battles,217
Sudan,2024-01-01,Explosions/Remote violence,312
Sudan,2024-01-01,Protests,0
Sudan,2024-01-01,Riots,0
Sudan,2024-01-01,Violence against civilians,66
Syria,2024-01-01,Battles,236
Syria,2024-01-01,Explosions/Remote violence,659
Syria,2024-01-01,Protests,0
Syria,2024-01-01,Riots,4
Syria,2024-01-01,Violence against civilians,136
Thailand,2024-01-01,Battles,6
Thailand,2024-01-01,Explosions/Remote violence,1
Thailand,2024-01-01,Protests,0
Thailand,2024-01-01,Riots,0
Thailand,2024-01-01,Violence against civilians,1
Togo,2024-01-01,Battles,0
Togo,2024-01-01,Explosions/Remote violence,1
Togo,2024-01-01,Protests,0
Togo,2024-01-01,Riots,0
Togo,2024-01-01,Violence against civilians,0
Trinidad and Tobago,2024-01-01,Battles,2
Trinidad and Tobago,2024-01-01,Explosions/Remote violence,0
Trinidad and Tobago,2024-01-01,Protests,0
Trinidad and Tobago,2024-01-01,Riots,0
Trinidad and Tobago,2024-01-01,Violence against civilians,33
Tunisia,2024-01-01,Battles,0
Tunisia,2024-01-01,Explosions/Remote violence,0
Tunisia,2024-01-01,Protests,0
Tunisia,2024-01-01,Riots,0
Tunisia,2024-01-01,Violence against civilians,0
Turkey,2024-01-01,Battles,1
Turkey,2024-01-01,Explosions/Remote violence,2
Turkey,2024-01-01,Protests,0
Turkey,2024-01-01,Riots,6
Turkey,2024-01-01,Violence against civilians,4
Uganda,2024-01-01,Battles,3
Uganda,2024-01-01,Explosions/Remote violence,0
Uganda,2024-01-01,Protests,0
Uganda,2024-01-01,Riots,12
Uganda,2024-01-01,Violence against civilians,5
Ukraine,2024-01-01,Battles,1025
Ukraine,2024-01-01,Explosions/Remote violence,3113
Ukraine,2024-01-01,Protests,0
Ukraine,2024-01-01,Riots,0
Ukraine,2024-01-01,Violence against civilians,4
Venezuela,2024-01-01,Battles,31
Venezuela,2024-01-01,Explosions/Remote violence,0
Venezuela,2024-01-01,Protests,0
Venezuela,2024-01-01,Riots,3
Venezuela,2024-01-01,Violence against civilians,20
Vietnam,2024-01-01,Battles,0
Vietnam,2024-01-01,Explosions/Remote violence,0
Vietnam,2024-01-01,Protests,0
Vietnam,2024-01-01,Riots,0
Vietnam,2024-01-01,Violence against civilians,0
Yemen,2024-01-01,Battles,65
Yemen,2024-01-01,Explosions/Remote violence,101
Yemen,2024-01-01,Protests,1
Yemen,2024-01-01,Riots,2
Yemen,2024-01-01,Violence against civilians,33
Azerbaijan,2024-01-01,Battles,0
Azerbaijan,2024-01-01,Explosions/Remote violence,1
Azerbaijan,2024-01-01,Protests,0
Azerbaijan,2024-01-01,Riots,0
Azerbaijan,2024-01-01,Violence against civilians,0
China,2024-01-01,Battles,0
China,2024-01-01,Explosions/Remote violence,1
China,2024-01-01,Protests,0
China,2024-01-01,Riots,0
China,2024-01-01,Violence against civilians,17
Cyprus,2024-01-01,Battles,0
Cyprus,2024-01-01,Explosions/Remote violence,1
Cyprus,2024-01-01,Protests,0
Cyprus,2024-01-01,Riots,2
Cyprus,2024-01-01,Violence against civilians,0
Greece,2024-01-01,Battles,0
Greece,2024-01-01,Explosions/Remote violence,2
Greece,2024-01-01,Protests,0
Greece,2024-01-01,Riots,4
Greece,2024-01-01,Violence against civilians,0
Morocco,2024-01-01,Battles,0
Morocco,2024-01-01,Explosions/Remote violence,3
Morocco,2024-01-01,Protests,0
Morocco,2024-01-01,Riots,1
Morocco,2024-01-01,Violence against civilians,0
Russia,2024-01-01,Battles,1
Russia,2024-01-01,Explosions/Remote violence,435
Russia,2024-01-01,Protests,0
Russia,2024-01-01,Riots,0
Russia,2024-01-01,Violence against civilians,8
Spain,2024-01-01,Battles,0
Spain,2024-01-01,Explosions/Remote violence,0
Spain,2024-01-01,Protests,0
Spain,2024-01-01,Riots,0
Spain,2024-01-01,Violence against civilians,0
Albania,2024-01-01,Battles,0
Albania,2024-01-01,Explosions/Remote violence,0
Albania,2024-01-01,Protests,0
Albania,2024-01-01,Riots,0
Albania,2024-01-01,Violence against civilians,0
Angola,2024-01-01,Battles,0
Angola,2024-01-01,Explosions/Remote violence,0
Angola,2024-01-01,Protests,0
Angola,2024-01-01,Riots,2
Angola,2024-01-01,Violence against civilians,1
Bahamas,2024-01-01,Battles,0
Bahamas,2024-01-01,Explosions/Remote violence,0
Bahamas,2024-01-01,Protests,0
Bahamas,2024-01-01,Riots,0
Bahamas,2024-01-01,Violence against civilians,0
Bolivia,2024-01-01,Battles,1
Bolivia,2024-01-01,Explosions/Remote violence,0
Bolivia,2024-01-01,Protests,0
Bolivia,2024-01-01,Riots,4
Bolivia,2024-01-01,Violence against civilians,0
Cuba,2024-01-01,Battles,0
Cuba,2024-01-01,Explosions/Remote violence,0
Cuba,2024-01-01,Protests,0
Cuba,2024-01-01,Riots,1
Cuba,2024-01-01,Violence against civilians,2
Czech Republic,2024-01-01,Battles,0
Czech Republic,2024-01-01,Explosions/Remote violence,0
Czech Republic,2024-01-01,Protests,0
Czech Republic,2024-01-01,Riots,0
Czech Republic,2024-01-01,Violence against civilians,0
Djibouti,2024-01-01,Battles,0
Djibouti,2024-01-01,Explosions/Remote violence,0
Djibouti,2024-01-01,Protests,0
Djibouti,2024-01-01,Riots,0
Djibouti,2024-01-01,Violence against civilians,0
France,2024-01-01,Battles,0
France,2024-01-01,Explosions/Remote violence,0
France,2024-01-01,Protests,2
France,2024-01-01,Riots,0
France,2024-01-01,Violence against civilians,0
Germany,2024-01-01,Battles,0
Germany,2024-01-01,Explosions/Remote violence,0
Germany,2024-01-01,Protests,0
Germany,2024-01-01,Riots,4
Germany,2024-01-01,Violence against civilians,0
Ghana,2024-01-01,Battles,1
Ghana,2024-01-01,Explosions/Remote violence,0
Ghana,2024-01-01,Protests,0
Ghana,2024-01-01,Riots,9
Ghana,2024-01-01,Violence against civilians,11
Guinea,2024-01-01,Battles,0
Guinea,2024-01-01,Explosions/Remote violence,0
Guinea,2024-01-01,Protests,0
Guinea,2024-01-01,Riots,8
Guinea,2024-01-01,Violence against civilians,6
Ivory Coast,2024-01-01,Battles,1
Ivory Coast,2024-01-01,Explosions/Remote violence,0
Ivory Coast,2024-01-01,Protests,0
Ivory Coast,2024-01-01,Riots,4
Ivory Coast,2024-01-01,Violence against civilians,0
Kazakhstan,2024-01-01,Battles,0
Kazakhstan,2024-01-01,Explosions/Remote violence,0
Kazakhstan,2024-01-01,Protests,0
Kazakhstan,2024-01-01,Riots,1
Kazakhstan,2024-01-01,Violence against civilians,4
Lesotho,2024-01-01,Battles,0
Lesotho,2024-01-01,Explosions/Remote violence,0
Lesotho,2024-01-01,Protests,0
Lesotho,2024-01-01,Riots,0
Lesotho,2024-01-01,Violence against civilians,0
Malawi,2024-01-01,Battles,0
Malawi,2024-01-01,Explosions/Remote violence,0
Malawi,2024-01-01,Protests,0
Malawi,2024-01-01,Riots,9
Malawi,2024-01-01,Violence against civilians,1
Mayotte,2024-01-01,Battles,0
Mayotte,2024-01-01,Explosions/Remote violence,0
Mayotte,2024-01-01,Protests,0
Mayotte,2024-01-01,Riots,7
Mayotte,2024-01-01,Violence against civilians,0
Nepal,2024-01-01,Battles,0
Nepal,2024-01-01,Explosions/Remote violence,0
Nepal,2024-01-01,Protests,0
Nepal,2024-01-01,Riots,7
Nepal,2024-01-01,Violence against civilians,5
Netherlands,2024-01-01,Battles,0
Netherlands,2024-01-01,Explosions/Remote violence,0
Netherlands,2024-01-01,Protests,0
Netherlands,2024-01-01,Riots,0
Netherlands,2024-01-01,Violence against civilians,0
Peru,2024-01-01,Battles,0
Peru,2024-01-01,Explosions/Remote violence,0
Peru,2024-01-01,Protests,0
Peru,2024-01-01,Riots,9
Peru,2024-01-01,Violence against civilians,1
Poland,2024-01-01,Battles,0
Poland,2024-01-01,Explosions/Remote violence,0
Poland,2024-01-01,Protests,0
Poland,2024-01-01,Riots,0
Poland,2024-01-01,Violence against civilians,0
Reunion,2024-01-01,Battles,0
Reunion,2024-01-01,Explosions/Remote violence,0
Reunion,2024-01-01,Protests,0
Reunion,2024-01-01,Riots,0
Reunion,2024-01-01,Violence against civilians,0
South Africa,2024-01-01,Battles,0
South Africa,2024-01-01,Explosions/Remote violence,0
South Africa,2024-01-01,Protests,0
South Africa,2024-01-01,Riots,23
South Africa,2024-01-01,Violence against civilians,19
Tanzania,2024-01-01,Battles,0
Tanzania,2024-01-01,Explosions/Remote violence,0
Tanzania,2024-01-01,Protests,0
Tanzania,2024-01-01,Riots,1
Tanzania,2024-01-01,Violence against civilians,1
United Kingdom,2024-01-01,Battles,0
United Kingdom,2024-01-01,Explosions/Remote violence,0
United Kingdom,2024-01-01,Protests,0
United Kingdom,2024-01-01,Riots,0
United Kingdom,2024-01-01,Violence against civilians,0
United States,2024-01-01,Battles,0
United States,2024-01-01,Explosions/Remote violence,0
United States,2024-01-01,Protests,0
United States,2024-01-01,Riots,4
United States,2024-01-01,Violence against civilians,1
Uruguay,2024-01-01,Battles,0
Uruguay,2024-01-01,Explosions/Remote violence,0
Uruguay,2024-01-01,Protests,0
Uruguay,2024-01-01,Riots,0
Uruguay,2024-01-01,Violence against civilians,0
Zambia,2024-01-01,Battles,0
Zambia,2024-01-01,Explosions/Remote violence,0
Zambia,2024-01-01,Protests,0
Zambia,2024-01-01,Riots,3
Zambia,2024-01-01,Violence against civilians,0
Zimbabwe,2024-01-01,Battles,0
Zimbabwe,2024-01-01,Explosions/Remote violence,0
Zimbabwe,2024-01-01,Protests,0
Zimbabwe,2024-01-01,Riots,7
Zimbabwe,2024-01-01,Violence against civilians,0
Bosnia and Herzegovina,2024-01-01,Battles,0
Bosnia and Herzegovina,2024-01-01,Explosions/Remote violence,0
Bosnia and Herzegovina,2024-01-01,Protests,0
Bosnia and Herzegovina,2024-01-01,Riots,0
Bosnia and Herzegovina,2024-01-01,Violence against civilians,0
Chad,2024-01-01,Battles,3
Chad,2024-01-01,Explosions/Remote violence,0
Chad,2024-01-01,Protests,0
Chad,2024-01-01,Riots,1
Chad,2024-01-01,Violence against civilians,2
Egypt,2024-01-01,Battles,0
Egypt,2024-01-01,Explosions/Remote violence,0
Egypt,2024-01-01,Protests,0
Egypt,2024-01-01,Riots,0
Egypt,2024-01-01,Violence against civilians,0
Gabon,2024-01-01,Battles,0
Gabon,2024-01-01,Explosions/Remote violence,0
Gabon,2024-01-01,Protests,0
Gabon,2024-01-01,Riots,0
Gabon,2024-01-01,Violence against civilians,0
Georgia,2024-01-01,Battles,0
Georgia,2024-01-01,Explosions/Remote violence,0
Georgia,2024-01-01,Protests,0
Georgia,2024-01-01,Riots,1
Georgia,2024-01-01,Violence against civilians,0
Guyana,2024-01-01,Battles,0
Guyana,2024-01-01,Explosions/Remote violence,0
Guyana,2024-01-01,Protests,0
Guyana,2024-01-01,Riots,1
Guyana,2024-01-01,Violence against civilians,0
Honduras,2024-01-01,Battles,14
Honduras,2024-01-01,Explosions/Remote violence,0
Honduras,2024-01-01,Protests,0
Honduras,2024-01-01,Riots,1
Honduras,2024-01-01,Violence against civilians,27
Kyrgyzstan,2024-01-01,Battles,0
Kyrgyzstan,2024-01-01,Explosions/Remote violence,0
Kyrgyzstan,2024-01-01,Protests,0
Kyrgyzstan,2024-01-01,Riots,1
Kyrgyzstan,2024-01-01,Violence against civilians,1
Serbia,2024-01-01,Battles,0
Serbia,2024-01-01,Explosions/Remote violence,0
Serbia,2024-01-01,Protests,0
Serbia,2024-01-01,Riots,0
Serbia,2024-01-01,Violence against civilians,0
Sierra Leone,2024-01-01,Battles,0
Sierra Leone,2024-01-01,Explosions/Remote violence,0
Sierra Leone,2024-01-01,Protests,0
Sierra Leone,2024-01-01,Riots,1
Sierra Leone,2024-01-01,Violence against civilians,0
Turkmenistan,2024-01-01,Battles,0
Turkmenistan,2024-01-01,Explosions/Remote violence,0
Turkmenistan,2024-01-01,Protests,0
Turkmenistan,2024-01-01,Riots,0
Turkmenistan,2024-01-01,Violence against civilians,0
Uzbekistan,2024-01-01,Battles,0
Uzbekistan,2024-01-01,Explosions/Remote violence,0
Uzbekistan,2024-01-01,Protests,0
Uzbekistan,2024-01-01,Riots,0
Uzbekistan,2024-01-01,Violence against civilians,2
Cape Verde,2024-01-01,Battles,1
Cape Verde,2024-01-01,Explosions/Remote violence,0
Cape Verde,2024-01-01,Protests,0
Cape Verde,2024-01-01,Riots,0
Cape Verde,2024-01-01,Violence against civilians,0
Nicaragua,2024-01-01,Battles,1
Nicaragua,2024-01-01,Explosions/Remote violence,0
Nicaragua,2024-01-01,Protests,0
Nicaragua,2024-01-01,Riots,0
Nicaragua,2024-01-01,Violence against civilians,1
Rwanda,2024-01-01,Battles,1
Rwanda,2024-01-01,Explosions/Remote violence,0
Rwanda,2024-01-01,Protests,0
Rwanda,2024-01-01,Riots,0
Rwanda,2024-01-01,Violence against civilians,2
Kosovo,2024-01-01,Battles,0
Kosovo,2024-01-01,Explosions/Remote violence,1
Kosovo,2024-01-01,Protests,0
Kosovo,2024-01-01,Riots,0
Kosovo,2024-01-01,Violence against civilians,1
Mauritania,2024-01-01,Battles,0
Mauritania,2024-01-01,Explosions/Remote violence,1
Mauritania,2024-01-01,Protests,0
Mauritania,2024-01-01,Riots,1
Mauritania,2024-01-01,Violence against civilians,0
Namibia,2024-01-01,Battles,0
Namibia,2024-01-01,Explosions/Remote violence,1
Namibia,2024-01-01,Protests,0
Namibia,2024-01-01,Riots,0
Namibia,2024-01-01,Violence against civilians,1
Australia,2024-01-01,Battles,0
Australia,2024-01-01,Explosions/Remote violence,0
Australia,2024-01-01,Protests,0
Australia,2024-01-01,Riots,1
Australia,2024-01-01,Violence against civilians,0
Comoros,2024-01-01,Battles,0
Comoros,2024-01-01,Explosions/Remote violence,0
Comoros,2024-01-01,Protests,0
Comoros,2024-01-01,Riots,3
Comoros,2024-01-01,Violence against civilians,2
Italy,2024-01-01,Battles,0
Italy,2024-01-01,Explosions/Remote violence,0
Italy,2024-01-01,Protests,0
Italy,2024-01-01,Riots,7
Italy,2024-01-01,Violence against civilians,0
Liberia,2024-01-01,Battles,0
Liberia,2024-01-01,Explosions/Remote violence,0
Liberia,2024-01-01,Protests,0
Liberia,2024-01-01,Riots,1
Liberia,2024-01-01,Violence against civilians,0
Maldives,2024-01-01,Battles,0
Maldives,2024-01-01,Explosions/Remote violence,0
Maldives,2024-01-01,Protests,0
Maldives,2024-01-01,Riots,2
Maldives,2024-01-01,Violence against civilians,1
Mauritius,2024-01-01,Battles,0
Mauritius,2024-01-01,Explosions/Remote violence,0
Mauritius,2024-01-01,Protests,0
Mauritius,2024-01-01,Riots,2
Mauritius,2024-01-01,Violence against civilians,0
eSwatini,2024-01-01,Battles,0
eSwatini,2024-01-01,Explosions/Remote violence,0
eSwatini,2024-01-01,Protests,0
eSwatini,2024-01-01,Riots,2
eSwatini,2024-01-01,Violence against civilians,1
Bahrain,2024-01-01,Battles,0
Bahrain,2024-01-01,Explosions/Remote violence,0
Bahrain,2024-01-01,Protests,0
Bahrain,2024-01-01,Riots,0
Bahrain,2024-01-01,Violence against civilians,1
Belarus,2024-01-01,Battles,0
Belarus,2024-01-01,Explosions/Remote violence,0
Belarus,2024-01-01,Protests,0
Belarus,2024-01-01,Riots,0
Belarus,2024-01-01,Violence against civilians,2
Canada,2024-01-01,Battles,0
Canada,2024-01-01,Explosions/Remote violence,0
Canada,2024-01-01,Protests,0
Canada,2024-01-01,Riots,0
Canada,2024-01-01,Violence against civilians,1
Costa Rica,2024-01-01,Battles,0
Costa Rica,2024-01-01,Explosions/Remote violence,0
Costa Rica,2024-01-01,Protests,0
Costa Rica,2024-01-01,Riots,0
Costa Rica,2024-01-01,Violence against civilians,1
Malaysia,2024-01-01,Battles,0
Malaysia,2024-01-01,Explosions/Remote violence,0
Malaysia,2024-01-01,Protests,0
Malaysia,2024-01-01,Riots,0
Malaysia,2024-01-01,Violence against civilians,1
Portugal,2024-01-01,Battles,0
Portugal,2024-01-01,Explosions/Remote violence,0
Portugal,2024-01-01,Protests,0
Portugal,2024-01-01,Riots,0
Portugal,2024-01-01,Violence against civilians,1
Saint Vincent and the Grenadines,2024-01-01,Battles,0
Saint Vincent and the Grenadines,2024-01-01,Explosions/Remote violence,0
Saint Vincent and the Grenadines,2024-01-01,Protests,0
Saint Vincent and the Grenadines,2024-01-01,Riots,0
Saint Vincent and the Grenadines,2024-01-01,Violence against civilians,1
Saudi Arabia,2024-01-01,Battles,0
Saudi Arabia,2024-01-01,Explosions/Remote violence,0
Saudi Arabia,2024-01-01,Protests,0
Saudi Arabia,2024-01-01,Riots,0
Saudi Arabia,2024-01-01,Violence against civilians,1
South Korea,2024-01-01,Battles,0
South Korea,2024-01-01,Explosions/Remote violence,0
South Korea,2024-01-01,Protests,0
South Korea,2024-01-01,Riots,0
South Korea,2024-01-01,Violence against civilians,2
Suriname,2024-01-01,Battles,0
Suriname,2024-01-01,Explosions/Remote violence,0
Suriname,2024-01-01,Protests,0
Suriname,2024-01-01,Riots,0
Suriname,2024-01-01,Violence against civilians,1
